filename,width,height,class,xmin,ymin,xmax,ymax
TdrMixThermal102.jpg,160,120,tidur,23,38,126,77
TdrMixThermal108.jpg,160,120,tidur,14,54,126,77
TdrMixThermal114.jpg,160,120,tidur,12,55,128,77
TdrMixThermal120.jpg,160,120,tidur,10,44,119,77
TdrMixThermal126.jpg,160,120,tidur,9,45,133,78
TdrMixThermal132.jpg,160,120,tidur,1,46,147,78
TdrMixThermal138.jpg,160,120,tidur,1,35,150,80
TdrMixThermal144.jpg,160,120,tidur,1,47,148,80
TdrMixThermal150.jpg,160,120,tidur,1,48,141,79
TdrMixThermal156.jpg,160,120,tidur,27,47,143,80
TdrMixThermal162.jpg,160,120,tidur,27,41,137,78
TdrMixThermal168.jpg,160,120,tidur,26,43,133,77
TdrMixThermal174.jpg,160,120,tidur,26,38,143,79
TdrMixThermal180.jpg,160,120,tidur,27,52,142,78
TdrMixThermal186.jpg,160,120,tidur,25,43,153,79
TdrMixThermal192.jpg,160,120,tidur,23,48,143,78
TdrMixThermal198.jpg,160,120,tidur,26,45,124,79
TdrMixThermal204.jpg,160,120,tidur,15,53,144,80
TdrMixThermal210.jpg,160,120,tidur,29,51,138,79
TdrMixThermal216.jpg,160,120,tidur,22,42,138,78
TdrMixThermal222.jpg,160,120,tidur,10,46,154,81
TdrMixThermal228.jpg,160,120,tidur,40,48,146,80
TdrMixThermal234.jpg,160,120,tidur,32,37,150,80
TdrMixThermal240.jpg,160,120,tidur,34,44,140,77
TdrMixThermal246.jpg,160,120,tidur,40,49,150,79
TdrMixThermal252.jpg,160,120,tidur,39,46,139,79
TdrMixThermal258.jpg,160,120,tidur,37,31,151,77
TdrMixThermal264.jpg,160,120,tidur,40,34,120,76
TdrMixThermal270.jpg,160,120,tidur,35,45,130,78
TdrMixThermal276.jpg,160,120,tidur,36,49,148,79
TdrMixThermal282.jpg,160,120,tidur,31,47,145,77
TdrMixThermal288.jpg,160,120,tidur,28,35,143,77
TdrMixThermal294.jpg,160,120,tidur,36,46,144,78
TdrMixThermal300.jpg,160,120,tidur,32,53,140,78
TdrMixThermal306.jpg,160,120,tidur,34,57,138,78
TdrMixThermal312.jpg,160,120,tidur,25,55,134,79
TdrMixThermal318.jpg,160,120,tidur,9,57,132,80
TdrMixThermal324.jpg,160,120,tidur,33,54,141,78
TdrMixThermal330.jpg,160,120,tidur,14,38,117,78
TdrMixThermal336.jpg,160,120,tidur,9,57,146,79
TdrMixThermal342.jpg,160,120,tidur,25,58,138,78
TdrMixThermal348.jpg,160,120,tidur,34,55,145,78
TdrMixThermal354.jpg,160,120,tidur,30,55,143,77
TdrMixThermal360.jpg,160,120,tidur,16,56,130,78
TdrMixThermal366.jpg,160,120,tidur,11,48,135,78
TdrMixThermal372.jpg,160,120,tidur,24,52,132,79
TdrMixThermal378.jpg,160,120,tidur,30,57,128,78
TdrMixThermal384.jpg,160,120,tidur,29,53,147,78
TdrMixThermal390.jpg,160,120,tidur,15,46,144,78
TdrMixThermal396.jpg,160,120,tidur,34,48,143,81
TdrMixThermal402.jpg,160,120,tidur,60,37,144,78
TdrMixThermal408.jpg,160,120,tidur,68,48,142,78
TdrMixThermal414.jpg,160,120,tidur,56,49,138,77
TdrMixThermal420.jpg,160,120,tidur,64,52,150,79
TdrMixThermal426.jpg,160,120,tidur,69,53,141,78
TdrMixThermal432.jpg,160,120,tidur,70,54,151,81
TdrMixThermal438.jpg,160,120,tidur,52,50,142,82
TdrMixThermal444.jpg,160,120,tidur,52,49,148,81
TdrMixThermal450.jpg,160,120,tidur,41,43,136,80
TdrMixThermal456.jpg,160,120,tidur,49,53,150,79
TdrMixThermal462.jpg,160,120,tidur,40,47,147,80
TdrMixThermal468.jpg,160,120,tidur,42,51,151,79
TdrMixThermal474.jpg,160,120,tidur,34,53,147,78
TdrMixThermal480.jpg,160,120,tidur,39,53,146,79
TdrMixThermal90.jpg,160,120,tidur,37,31,133,78
TdrMixThermal96.jpg,160,120,tidur,18,44,134,78
2TdrMixThermal1002.jpg,160,120,tidur,37,36,160,82
2TdrMixThermal1008.jpg,160,120,tidur,7,40,141,78
2TdrMixThermal1014.jpg,160,120,tidur,5,47,93,78
2TdrMixThermal102.jpg,160,120,tidur,35,44,141,81
2TdrMixThermal1020.jpg,160,120,tidur,71,28,160,79
2TdrMixThermal1026.jpg,160,120,tidur,69,18,160,78
2TdrMixThermal108.jpg,160,120,tidur,46,45,123,79
2TdrMixThermal114.jpg,160,120,tidur,36,47,122,79
2TdrMixThermal120.jpg,160,120,tidur,32,48,118,79
2TdrMixThermal126.jpg,160,120,tidur,41,36,110,77
2TdrMixThermal132.jpg,160,120,tidur,31,53,128,77
2TdrMixThermal138.jpg,160,120,tidur,64,11,146,83
2TdrMixThermal144.jpg,160,120,tidur,68,48,154,84
2TdrMixThermal150.jpg,160,120,tidur,72,49,138,81
2TdrMixThermal156.jpg,160,120,tidur,62,50,127,81
2TdrMixThermal162.jpg,160,120,tidur,55,48,120,78
2TdrMixThermal168.jpg,160,120,tidur,52,49,124,78
2TdrMixThermal174.jpg,160,120,tidur,61,52,114,78
2TdrMixThermal180.jpg,160,120,tidur,46,46,90,77
2TdrMixThermal186.jpg,160,120,tidur,36,46,94,76
2TdrMixThermal192.jpg,160,120,tidur,34,45,97,76
2TdrMixThermal198.jpg,160,120,tidur,14,43,111,77
2TdrMixThermal204.jpg,160,120,tidur,18,48,124,82
2TdrMixThermal210.jpg,160,120,tidur,24,42,144,80
2TdrMixThermal216.jpg,160,120,tidur,33,46,137,78
2TdrMixThermal222.jpg,160,120,tidur,35,29,122,78
2TdrMixThermal228.jpg,160,120,tidur,28,45,125,76
2TdrMixThermal234.jpg,160,120,tidur,39,32,128,79
2TdrMixThermal24.jpg,160,120,tidur,26,40,137,80
2TdrMixThermal240.jpg,160,120,tidur,46,49,147,79
2TdrMixThermal246.jpg,160,120,tidur,48,44,147,79
2TdrMixThermal252.jpg,160,120,tidur,55,45,147,80
2TdrMixThermal258.jpg,160,120,tidur,59,21,160,83
2TdrMixThermal264.jpg,160,120,tidur,28,31,160,85
2TdrMixThermal270.jpg,160,120,tidur,56,28,160,82
2TdrMixThermal276.jpg,160,120,tidur,20,40,160,80
2TdrMixThermal282.jpg,160,120,tidur,20,40,149,81
2TdrMixThermal288.jpg,160,120,tidur,20,48,116,78
2TdrMixThermal294.jpg,160,120,tidur,22,40,108,81
2TdrMixThermal30.jpg,160,120,tidur,49,47,137,81
2TdrMixThermal300.jpg,160,120,tidur,38,32,100,77
2TdrMixThermal306.jpg,160,120,tidur,21,17,122,80
2TdrMixThermal312.jpg,160,120,tidur,10,27,71,80
2TdrMixThermal318.jpg,160,120,tidur,8,44,64,83
2TdrMixThermal324.jpg,160,120,tidur,1,40,66,85
2TdrMixThermal330.jpg,160,120,tidur,20,41,74,81
2TdrMixThermal336.jpg,160,120,tidur,44,28,115,80
2TdrMixThermal342.jpg,160,120,tidur,64,44,127,81
2TdrMixThermal348.jpg,160,120,tidur,82,45,131,86
2TdrMixThermal354.jpg,160,120,tidur,70,18,132,81
2TdrMixThermal36.jpg,160,120,tidur,43,39,128,79
2TdrMixThermal360.jpg,160,120,tidur,58,26,122,79
2TdrMixThermal366.jpg,160,120,tidur,35,40,150,80
2TdrMixThermal372.jpg,160,120,tidur,23,39,154,79
2TdrMixThermal378.jpg,160,120,tidur,40,47,138,79
2TdrMixThermal384.jpg,160,120,tidur,34,44,117,80
2TdrMixThermal390.jpg,160,120,tidur,19,48,130,79
2TdrMixThermal396.jpg,160,120,tidur,6,43,114,79
2TdrMixThermal402.jpg,160,120,tidur,1,42,106,79
2TdrMixThermal408.jpg,160,120,tidur,13,44,97,81
2TdrMixThermal414.jpg,160,120,tidur,11,47,97,82
2TdrMixThermal42.jpg,160,120,tidur,22,53,147,81
2TdrMixThermal420.jpg,160,120,tidur,14,46,104,76
2TdrMixThermal426.jpg,160,120,tidur,14,52,104,84
2TdrMixThermal432.jpg,160,120,tidur,17,48,100,83
2TdrMixThermal438.jpg,160,120,tidur,20,48,89,82
2TdrMixThermal444.jpg,160,120,tidur,19,40,78,78
2TdrMixThermal450.jpg,160,120,tidur,17,40,76,75
2TdrMixThermal456.jpg,160,120,tidur,16,42,99,76
2TdrMixThermal462.jpg,160,120,tidur,24,49,103,76
2TdrMixThermal468.jpg,160,120,tidur,26,54,109,78
2TdrMixThermal474.jpg,160,120,tidur,24,46,106,78
2TdrMixThermal48.jpg,160,120,tidur,23,54,146,80
2TdrMixThermal480.jpg,160,120,tidur,24,40,97,75
2TdrMixThermal486.jpg,160,120,tidur,16,51,107,77
2TdrMixThermal492.jpg,160,120,tidur,16,39,111,79
2TdrMixThermal498.jpg,160,120,tidur,16,35,116,78
2TdrMixThermal504.jpg,160,120,tidur,29,46,122,80
2TdrMixThermal510.jpg,160,120,tidur,28,27,131,81
2TdrMixThermal516.jpg,160,120,tidur,32,29,142,81
2TdrMixThermal522.jpg,160,120,tidur,31,46,135,79
2TdrMixThermal528.jpg,160,120,tidur,25,51,144,79
2TdrMixThermal534.jpg,160,120,tidur,48,54,153,83
2TdrMixThermal54.jpg,160,120,tidur,19,51,130,81
2TdrMixThermal540.jpg,160,120,tidur,59,41,134,80
2TdrMixThermal546.jpg,160,120,tidur,57,46,115,78
2TdrMixThermal552.jpg,160,120,tidur,53,32,119,78
2TdrMixThermal558.jpg,160,120,tidur,51,42,148,81
2TdrMixThermal564.jpg,160,120,tidur,77,35,150,80
2TdrMixThermal570.jpg,160,120,tidur,49,42,133,80
2TdrMixThermal576.jpg,160,120,tidur,37,50,95,77
2TdrMixThermal582.jpg,160,120,tidur,45,53,116,80
2TdrMixThermal588.jpg,160,120,tidur,33,48,111,79
2TdrMixThermal594.jpg,160,120,tidur,30,16,81,76
2TdrMixThermal60.jpg,160,120,tidur,17,51,131,81
2TdrMixThermal600.jpg,160,120,tidur,38,35,102,81
2TdrMixThermal606.jpg,160,120,tidur,58,50,99,81
2TdrMixThermal612.jpg,160,120,tidur,54,36,109,78
2TdrMixThermal618.jpg,160,120,tidur,56,44,119,78
2TdrMixThermal624.jpg,160,120,tidur,27,38,126,78
2TdrMixThermal630.jpg,160,120,tidur,14,52,145,79
2TdrMixThermal636.jpg,160,120,tidur,9,51,160,81
2TdrMixThermal642.jpg,160,120,tidur,18,41,160,80
2TdrMixThermal648.jpg,160,120,tidur,19,51,137,80
2TdrMixThermal654.jpg,160,120,tidur,22,46,131,80
2TdrMixThermal66.jpg,160,120,tidur,15,43,121,77
2TdrMixThermal660.jpg,160,120,tidur,32,46,126,77
2TdrMixThermal666.jpg,160,120,tidur,32,51,104,76
2TdrMixThermal672.jpg,160,120,tidur,36,50,92,77
2TdrMixThermal678.jpg,160,120,tidur,40,42,102,77
2TdrMixThermal684.jpg,160,120,tidur,38,52,143,79
2TdrMixThermal690.jpg,160,120,tidur,41,53,145,80
2TdrMixThermal696.jpg,160,120,tidur,44,50,128,79
2TdrMixThermal702.jpg,160,120,tidur,57,49,126,79
2TdrMixThermal708.jpg,160,120,tidur,38,46,113,77
2TdrMixThermal714.jpg,160,120,tidur,27,46,130,79
2TdrMixThermal72.jpg,160,120,tidur,36,43,108,78
2TdrMixThermal720.jpg,160,120,tidur,28,35,138,79
2TdrMixThermal726.jpg,160,120,tidur,4,12,150,83
2TdrMixThermal732.jpg,160,120,tidur,1,37,160,84
2TdrMixThermal738.jpg,160,120,tidur,1,36,160,86
2TdrMixThermal744.jpg,160,120,tidur,32,35,160,83
2TdrMixThermal750.jpg,160,120,tidur,31,18,158,82
2TdrMixThermal756.jpg,160,120,tidur,51,13,145,85
2TdrMixThermal762.jpg,160,120,tidur,19,10,126,84
2TdrMixThermal768.jpg,160,120,tidur,21,9,137,82
2TdrMixThermal774.jpg,160,120,tidur,43,40,160,83
2TdrMixThermal78.jpg,160,120,tidur,60,36,118,80
2TdrMixThermal780.jpg,160,120,tidur,40,52,160,82
2TdrMixThermal786.jpg,160,120,tidur,40,39,160,85
2TdrMixThermal792.jpg,160,120,tidur,79,31,160,84
2TdrMixThermal798.jpg,160,120,tidur,56,24,160,83
2TdrMixThermal804.jpg,160,120,tidur,45,22,160,83
2TdrMixThermal810.jpg,160,120,tidur,26,25,120,81
2TdrMixThermal816.jpg,160,120,tidur,11,13,138,81
2TdrMixThermal822.jpg,160,120,tidur,1,38,160,84
2TdrMixThermal828.jpg,160,120,tidur,1,9,160,85
2TdrMixThermal834.jpg,160,120,tidur,12,19,160,85
2TdrMixThermal84.jpg,160,120,tidur,40,36,123,80
2TdrMixThermal840.jpg,160,120,tidur,4,33,160,83
2TdrMixThermal846.jpg,160,120,tidur,1,33,160,84
2TdrMixThermal852.jpg,160,120,tidur,1,34,160,84
2TdrMixThermal858.jpg,160,120,tidur,3,47,160,83
2TdrMixThermal864.jpg,160,120,tidur,13,32,160,83
2TdrMixThermal870.jpg,160,120,tidur,44,18,160,83
2TdrMixThermal876.jpg,160,120,tidur,46,17,144,84
2TdrMixThermal882.jpg,160,120,tidur,25,38,151,88
2TdrMixThermal888.jpg,160,120,tidur,56,36,154,88
2TdrMixThermal894.jpg,160,120,tidur,56,28,156,85
2TdrMixThermal90.jpg,160,120,tidur,26,39,129,79
2TdrMixThermal900.jpg,160,120,tidur,54,38,160,86
2TdrMixThermal906.jpg,160,120,tidur,77,32,160,87
2TdrMixThermal912.jpg,160,120,tidur,114,38,160,86
2TdrMixThermal918.jpg,160,120,tidur,123,23,160,86
2TdrMixThermal924.jpg,160,120,tidur,103,35,160,84
2TdrMixThermal930.jpg,160,120,tidur,80,41,160,82
2TdrMixThermal936.jpg,160,120,tidur,65,49,144,81
2TdrMixThermal942.jpg,160,120,tidur,52,42,132,80
2TdrMixThermal948.jpg,160,120,tidur,30,41,125,79
2TdrMixThermal954.jpg,160,120,tidur,9,42,112,77
2TdrMixThermal96.jpg,160,120,tidur,31,52,138,80
2TdrMixThermal960.jpg,160,120,tidur,4,45,102,77
2TdrMixThermal966.jpg,160,120,tidur,5,50,99,77
2TdrMixThermal972.jpg,160,120,tidur,1,47,111,80
2TdrMixThermal978.jpg,160,120,tidur,31,45,122,77
2TdrMixThermal984.jpg,160,120,tidur,49,43,130,78
2TdrMixThermal990.jpg,160,120,tidur,52,34,145,81
2TdrMixThermal996.jpg,160,120,tidur,39,37,160,82
3TdrMixThermal1002.jpg,160,120,tidur,26,46,129,77
3TdrMixThermal1008.jpg,160,120,tidur,21,30,118,79
3TdrMixThermal1014.jpg,160,120,tidur,6,47,115,79
3TdrMixThermal102.jpg,160,120,tidur,29,54,138,78
3TdrMixThermal1020.jpg,160,120,tidur,3,47,145,83
3TdrMixThermal1026.jpg,160,120,tidur,3,43,160,80
3TdrMixThermal1032.jpg,160,120,tidur,31,9,160,81
3TdrMixThermal108.jpg,160,120,tidur,25,56,139,81
3TdrMixThermal114.jpg,160,120,tidur,29,48,136,78
3TdrMixThermal120.jpg,160,120,tidur,38,52,122,78
3TdrMixThermal126.jpg,160,120,tidur,38,52,123,78
3TdrMixThermal132.jpg,160,120,tidur,42,52,129,77
3TdrMixThermal138.jpg,160,120,tidur,43,53,128,78
3TdrMixThermal144.jpg,160,120,tidur,42,52,131,79
3TdrMixThermal150.jpg,160,120,tidur,37,50,125,78
3TdrMixThermal156.jpg,160,120,tidur,38,42,130,78
3TdrMixThermal162.jpg,160,120,tidur,37,38,130,80
3TdrMixThermal168.jpg,160,120,tidur,46,36,97,76
3TdrMixThermal174.jpg,160,120,tidur,45,36,99,77
3TdrMixThermal180.jpg,160,120,tidur,43,33,97,77
3TdrMixThermal186.jpg,160,120,tidur,21,33,106,75
3TdrMixThermal192.jpg,160,120,tidur,11,39,104,75
3TdrMixThermal198.jpg,160,120,tidur,11,43,106,77
3TdrMixThermal204.jpg,160,120,tidur,6,43,105,76
3TdrMixThermal210.jpg,160,120,tidur,10,41,103,76
3TdrMixThermal216.jpg,160,120,tidur,12,52,101,75
3TdrMixThermal222.jpg,160,120,tidur,10,46,101,76
3TdrMixThermal228.jpg,160,120,tidur,10,45,100,75
3TdrMixThermal234.jpg,160,120,tidur,11,43,103,74
3TdrMixThermal240.jpg,160,120,tidur,8,43,108,77
3TdrMixThermal246.jpg,160,120,tidur,12,49,119,80
3TdrMixThermal252.jpg,160,120,tidur,19,41,113,77
3TdrMixThermal258.jpg,160,120,tidur,53,47,106,77
3TdrMixThermal264.jpg,160,120,tidur,35,45,100,78
3TdrMixThermal270.jpg,160,120,tidur,39,47,92,77
3TdrMixThermal276.jpg,160,120,tidur,23,46,88,76
3TdrMixThermal282.jpg,160,120,tidur,23,42,89,77
3TdrMixThermal288.jpg,160,120,tidur,20,42,103,78
3TdrMixThermal294.jpg,160,120,tidur,26,26,121,78
3TdrMixThermal300.jpg,160,120,tidur,27,50,128,81
3TdrMixThermal306.jpg,160,120,tidur,28,31,160,81
3TdrMixThermal312.jpg,160,120,tidur,15,41,160,83
3TdrMixThermal318.jpg,160,120,tidur,10,43,160,82
3TdrMixThermal324.jpg,160,120,tidur,10,35,160,83
3TdrMixThermal330.jpg,160,120,tidur,13,19,160,84
3TdrMixThermal336.jpg,160,120,tidur,50,33,160,84
3TdrMixThermal342.jpg,160,120,tidur,47,32,160,84
3TdrMixThermal348.jpg,160,120,tidur,38,13,160,81
3TdrMixThermal354.jpg,160,120,tidur,1,49,160,83
3TdrMixThermal360.jpg,160,120,tidur,2,34,160,81
3TdrMixThermal366.jpg,160,120,tidur,20,43,160,81
3TdrMixThermal372.jpg,160,120,tidur,28,41,160,86
3TdrMixThermal378.jpg,160,120,tidur,27,45,152,82
3TdrMixThermal384.jpg,160,120,tidur,23,42,153,84
3TdrMixThermal390.jpg,160,120,tidur,26,43,153,83
3TdrMixThermal396.jpg,160,120,tidur,25,40,152,82
3TdrMixThermal402.jpg,160,120,tidur,20,30,160,81
3TdrMixThermal408.jpg,160,120,tidur,16,42,160,82
3TdrMixThermal414.jpg,160,120,tidur,19,34,160,84
3TdrMixThermal42.jpg,160,120,tidur,29,45,123,78
3TdrMixThermal420.jpg,160,120,tidur,11,19,160,86
3TdrMixThermal426.jpg,160,120,tidur,7,41,160,86
3TdrMixThermal432.jpg,160,120,tidur,20,39,160,85
3TdrMixThermal438.jpg,160,120,tidur,32,41,160,83
3TdrMixThermal444.jpg,160,120,tidur,25,51,160,83
3TdrMixThermal450.jpg,160,120,tidur,30,41,160,84
3TdrMixThermal456.jpg,160,120,tidur,58,42,157,83
3TdrMixThermal462.jpg,160,120,tidur,58,39,149,81
3TdrMixThermal468.jpg,160,120,tidur,56,37,151,81
3TdrMixThermal474.jpg,160,120,tidur,55,36,150,82
3TdrMixThermal48.jpg,160,120,tidur,21,50,121,77
3TdrMixThermal480.jpg,160,120,tidur,55,38,160,79
3TdrMixThermal486.jpg,160,120,tidur,65,43,160,80
3TdrMixThermal492.jpg,160,120,tidur,76,47,160,79
3TdrMixThermal498.jpg,160,120,tidur,84,47,160,78
3TdrMixThermal504.jpg,160,120,tidur,84,48,160,79
3TdrMixThermal510.jpg,160,120,tidur,84,48,160,79
3TdrMixThermal516.jpg,160,120,tidur,84,48,160,79
3TdrMixThermal522.jpg,160,120,tidur,84,47,160,78
3TdrMixThermal528.jpg,160,120,tidur,81,46,160,80
3TdrMixThermal534.jpg,160,120,tidur,72,50,159,79
3TdrMixThermal54.jpg,160,120,tidur,21,38,114,77
3TdrMixThermal540.jpg,160,120,tidur,64,42,160,80
3TdrMixThermal546.jpg,160,120,tidur,56,44,160,81
3TdrMixThermal552.jpg,160,120,tidur,55,50,160,80
3TdrMixThermal558.jpg,160,120,tidur,53,47,148,78
3TdrMixThermal564.jpg,160,120,tidur,55,47,160,81
3TdrMixThermal570.jpg,160,120,tidur,41,42,160,80
3TdrMixThermal576.jpg,160,120,tidur,14,52,160,82
3TdrMixThermal582.jpg,160,120,tidur,15,43,160,82
3TdrMixThermal588.jpg,160,120,tidur,31,28,155,82
3TdrMixThermal594.jpg,160,120,tidur,44,40,160,80
3TdrMixThermal60.jpg,160,120,tidur,20,47,113,78
3TdrMixThermal600.jpg,160,120,tidur,26,51,160,81
3TdrMixThermal606.jpg,160,120,tidur,25,43,159,83
3TdrMixThermal612.jpg,160,120,tidur,51,45,160,82
3TdrMixThermal618.jpg,160,120,tidur,60,41,139,81
3TdrMixThermal624.jpg,160,120,tidur,37,54,149,81
3TdrMixThermal630.jpg,160,120,tidur,29,52,152,83
3TdrMixThermal636.jpg,160,120,tidur,24,48,148,78
3TdrMixThermal642.jpg,160,120,tidur,18,51,160,81
3TdrMixThermal648.jpg,160,120,tidur,12,40,152,80
3TdrMixThermal654.jpg,160,120,tidur,41,42,126,81
3TdrMixThermal66.jpg,160,120,tidur,22,47,125,78
3TdrMixThermal660.jpg,160,120,tidur,30,23,115,80
3TdrMixThermal666.jpg,160,120,tidur,3,41,154,77
3TdrMixThermal672.jpg,160,120,tidur,8,38,160,83
3TdrMixThermal678.jpg,160,120,tidur,19,35,152,83
3TdrMixThermal684.jpg,160,120,tidur,43,46,121,82
3TdrMixThermal690.jpg,160,120,tidur,38,46,154,82
3TdrMixThermal696.jpg,160,120,tidur,34,44,160,82
3TdrMixThermal702.jpg,160,120,tidur,31,46,156,81
3TdrMixThermal708.jpg,160,120,tidur,62,42,159,78
3TdrMixThermal714.jpg,160,120,tidur,26,37,156,79
3TdrMixThermal72.jpg,160,120,tidur,2,49,133,78
3TdrMixThermal720.jpg,160,120,tidur,22,37,148,82
3TdrMixThermal726.jpg,160,120,tidur,21,38,160,82
3TdrMixThermal732.jpg,160,120,tidur,21,39,137,82
3TdrMixThermal738.jpg,160,120,tidur,28,41,129,81
3TdrMixThermal744.jpg,160,120,tidur,25,31,140,82
3TdrMixThermal750.jpg,160,120,tidur,42,41,139,82
3TdrMixThermal756.jpg,160,120,tidur,15,41,160,84
3TdrMixThermal762.jpg,160,120,tidur,13,54,160,85
3TdrMixThermal768.jpg,160,120,tidur,68,42,128,82
3TdrMixThermal774.jpg,160,120,tidur,54,48,149,80
3TdrMixThermal78.jpg,160,120,tidur,8,49,136,79
3TdrMixThermal780.jpg,160,120,tidur,44,43,153,83
3TdrMixThermal786.jpg,160,120,tidur,57,48,134,82
3TdrMixThermal792.jpg,160,120,tidur,52,41,133,82
3TdrMixThermal798.jpg,160,120,tidur,43,37,106,80
3TdrMixThermal804.jpg,160,120,tidur,15,28,77,80
3TdrMixThermal810.jpg,160,120,tidur,1,23,67,79
3TdrMixThermal816.jpg,160,120,tidur,1,42,68,78
3TdrMixThermal822.jpg,160,120,tidur,1,8,98,80
3TdrMixThermal828.jpg,160,120,tidur,47,30,141,81
3TdrMixThermal834.jpg,160,120,tidur,78,35,160,84
3TdrMixThermal84.jpg,160,120,tidur,30,39,122,78
3TdrMixThermal840.jpg,160,120,tidur,88,43,160,86
3TdrMixThermal846.jpg,160,120,tidur,78,29,160,82
3TdrMixThermal852.jpg,160,120,tidur,82,30,160,81
3TdrMixThermal858.jpg,160,120,tidur,106,32,160,81
3TdrMixThermal864.jpg,160,120,tidur,91,37,160,81
3TdrMixThermal870.jpg,160,120,tidur,101,45,160,83
3TdrMixThermal876.jpg,160,120,tidur,87,44,160,80
3TdrMixThermal882.jpg,160,120,tidur,84,32,160,80
3TdrMixThermal888.jpg,160,120,tidur,85,31,160,80
3TdrMixThermal894.jpg,160,120,tidur,89,38,160,81
3TdrMixThermal90.jpg,160,120,tidur,21,33,110,78
3TdrMixThermal900.jpg,160,120,tidur,90,36,160,84
3TdrMixThermal906.jpg,160,120,tidur,92,45,160,85
3TdrMixThermal912.jpg,160,120,tidur,82,21,160,85
3TdrMixThermal918.jpg,160,120,tidur,32,33,121,83
3TdrMixThermal924.jpg,160,120,tidur,20,25,105,83
3TdrMixThermal930.jpg,160,120,tidur,13,29,81,82
3TdrMixThermal936.jpg,160,120,tidur,1,45,64,78
3TdrMixThermal942.jpg,160,120,tidur,1,22,76,78
3TdrMixThermal948.jpg,160,120,tidur,39,25,149,79
3TdrMixThermal954.jpg,160,120,tidur,55,45,160,81
3TdrMixThermal96.jpg,160,120,tidur,25,44,139,78
3TdrMixThermal960.jpg,160,120,tidur,46,51,160,82
3TdrMixThermal966.jpg,160,120,tidur,47,37,160,82
3TdrMixThermal972.jpg,160,120,tidur,46,39,142,81
3TdrMixThermal978.jpg,160,120,tidur,53,50,124,77
3TdrMixThermal984.jpg,160,120,tidur,47,43,113,77
3TdrMixThermal990.jpg,160,120,tidur,36,48,107,76
3TdrMixThermal996.jpg,160,120,tidur,26,47,109,77
4TdrMixThermal102.jpg,160,120,tidur,24,41,120,79
4TdrMixThermal108.jpg,160,120,tidur,24,49,104,77
4TdrMixThermal114.jpg,160,120,tidur,9,48,102,80
4TdrMixThermal120.jpg,160,120,tidur,10,49,111,80
4TdrMixThermal126.jpg,160,120,tidur,5,48,128,79
4TdrMixThermal132.jpg,160,120,tidur,1,43,129,79
4TdrMixThermal138.jpg,160,120,tidur,1,49,141,81
4TdrMixThermal144.jpg,160,120,tidur,25,36,145,80
4TdrMixThermal150.jpg,160,120,tidur,51,39,146,80
4TdrMixThermal156.jpg,160,120,tidur,43,48,146,79
4TdrMixThermal162.jpg,160,120,tidur,36,39,151,82
4TdrMixThermal168.jpg,160,120,tidur,33,43,151,78
4TdrMixThermal174.jpg,160,120,tidur,33,49,153,77
4TdrMixThermal180.jpg,160,120,tidur,18,42,160,79
4TdrMixThermal186.jpg,160,120,tidur,7,40,160,81
4TdrMixThermal192.jpg,160,120,tidur,4,31,160,80
4TdrMixThermal198.jpg,160,120,tidur,3,47,147,80
4TdrMixThermal204.jpg,160,120,tidur,9,49,154,80
4TdrMixThermal210.jpg,160,120,tidur,35,50,143,79
4TdrMixThermal216.jpg,160,120,tidur,51,49,148,79
4TdrMixThermal222.jpg,160,120,tidur,64,49,144,81
4TdrMixThermal228.jpg,160,120,tidur,71,52,151,81
4TdrMixThermal234.jpg,160,120,tidur,81,50,146,79
4TdrMixThermal240.jpg,160,120,tidur,93,53,153,82
4TdrMixThermal246.jpg,160,120,tidur,93,49,160,81
4TdrMixThermal252.jpg,160,120,tidur,91,45,160,82
4TdrMixThermal258.jpg,160,120,tidur,96,51,160,83
4TdrMixThermal264.jpg,160,120,tidur,101,56,160,82
4TdrMixThermal270.jpg,160,120,tidur,85,49,153,80
4TdrMixThermal276.jpg,160,120,tidur,61,47,110,79
4TdrMixThermal282.jpg,160,120,tidur,32,42,94,78
4TdrMixThermal288.jpg,160,120,tidur,7,50,56,77
4TdrMixThermal294.jpg,160,120,tidur,1,45,45,76
4TdrMixThermal300.jpg,160,120,tidur,1,45,51,76
4TdrMixThermal306.jpg,160,120,tidur,2,44,88,76
4TdrMixThermal312.jpg,160,120,tidur,5,34,83,76
4TdrMixThermal318.jpg,160,120,tidur,1,49,96,77
4TdrMixThermal324.jpg,160,120,tidur,1,42,97,77
4TdrMixThermal330.jpg,160,120,tidur,46,23,114,80
4TdrMixThermal336.jpg,160,120,tidur,92,29,154,81
4TdrMixThermal342.jpg,160,120,tidur,107,33,160,83
4TdrMixThermal348.jpg,160,120,tidur,124,28,160,85
4TdrMixThermal354.jpg,160,120,tidur,122,46,160,80
4TdrMixThermal360.jpg,160,120,tidur,120,42,160,82
4TdrMixThermal366.jpg,160,120,tidur,112,22,160,85
4TdrMixThermal372.jpg,160,120,tidur,95,26,160,83
4TdrMixThermal378.jpg,160,120,tidur,100,22,160,84
4TdrMixThermal384.jpg,160,120,tidur,105,29,160,84
4TdrMixThermal390.jpg,160,120,tidur,100,31,160,84
4TdrMixThermal396.jpg,160,120,tidur,96,52,151,81
4TdrMixThermal402.jpg,160,120,tidur,98,50,160,82
4TdrMixThermal408.jpg,160,120,tidur,101,52,160,82
4TdrMixThermal414.jpg,160,120,tidur,95,51,160,83
4TdrMixThermal420.jpg,160,120,tidur,87,40,149,83
4TdrMixThermal426.jpg,160,120,tidur,56,32,129,80
4TdrMixThermal432.jpg,160,120,tidur,49,45,156,82
4TdrMixThermal438.jpg,160,120,tidur,49,48,160,84
4TdrMixThermal444.jpg,160,120,tidur,48,39,147,82
4TdrMixThermal450.jpg,160,120,tidur,46,28,135,80
4TdrMixThermal456.jpg,160,120,tidur,15,50,83,78
4TdrMixThermal462.jpg,160,120,tidur,11,36,74,78
4TdrMixThermal468.jpg,160,120,tidur,17,35,85,75
4TdrMixThermal474.jpg,160,120,tidur,21,32,116,79
4TdrMixThermal480.jpg,160,120,tidur,28,51,117,80
4TdrMixThermal486.jpg,160,120,tidur,40,51,113,79
4TdrMixThermal492.jpg,160,120,tidur,45,51,119,80
4TdrMixThermal498.jpg,160,120,tidur,15,35,99,75
4TdrMixThermal504.jpg,160,120,tidur,13,36,92,74
4TdrMixThermal510.jpg,160,120,tidur,9,44,105,77
4TdrMixThermal516.jpg,160,120,tidur,12,45,106,79
4TdrMixThermal522.jpg,160,120,tidur,31,38,111,78
4TdrMixThermal528.jpg,160,120,tidur,37,54,139,81
4TdrMixThermal534.jpg,160,120,tidur,44,47,141,81
4TdrMixThermal540.jpg,160,120,tidur,55,47,124,80
4TdrMixThermal546.jpg,160,120,tidur,51,50,120,78
4TdrMixThermal552.jpg,160,120,tidur,36,47,119,79
4TdrMixThermal558.jpg,160,120,tidur,38,46,113,79
4TdrMixThermal564.jpg,160,120,tidur,38,45,126,78
4TdrMixThermal570.jpg,160,120,tidur,68,49,145,82
4TdrMixThermal576.jpg,160,120,tidur,67,45,153,82
4TdrMixThermal582.jpg,160,120,tidur,72,45,148,82
4TdrMixThermal588.jpg,160,120,tidur,75,41,151,82
4TdrMixThermal594.jpg,160,120,tidur,61,51,160,80
4TdrMixThermal60.jpg,160,120,tidur,46,39,160,81
4TdrMixThermal600.jpg,160,120,tidur,73,52,160,82
4TdrMixThermal606.jpg,160,120,tidur,86,55,160,82
4TdrMixThermal612.jpg,160,120,tidur,93,41,160,83
4TdrMixThermal618.jpg,160,120,tidur,80,44,160,81
4TdrMixThermal624.jpg,160,120,tidur,94,32,160,83
4TdrMixThermal630.jpg,160,120,tidur,74,34,160,85
4TdrMixThermal636.jpg,160,120,tidur,47,20,160,85
4TdrMixThermal642.jpg,160,120,tidur,44,28,160,85
4TdrMixThermal648.jpg,160,120,tidur,41,23,160,83
4TdrMixThermal654.jpg,160,120,tidur,34,38,160,84
4TdrMixThermal66.jpg,160,120,tidur,40,46,157,80
4TdrMixThermal660.jpg,160,120,tidur,21,38,160,80
4TdrMixThermal666.jpg,160,120,tidur,1,17,160,80
4TdrMixThermal672.jpg,160,120,tidur,1,29,160,80
4TdrMixThermal678.jpg,160,120,tidur,1,28,160,88
4TdrMixThermal684.jpg,160,120,tidur,1,36,160,89
4TdrMixThermal690.jpg,160,120,tidur,1,29,154,91
4TdrMixThermal696.jpg,160,120,tidur,5,12,154,86
4TdrMixThermal702.jpg,160,120,tidur,6,38,147,79
4TdrMixThermal708.jpg,160,120,tidur,3,35,133,79
4TdrMixThermal714.jpg,160,120,tidur,30,21,142,90
4TdrMixThermal72.jpg,160,120,tidur,38,55,153,79
4TdrMixThermal720.jpg,160,120,tidur,50,16,154,90
4TdrMixThermal726.jpg,160,120,tidur,49,14,155,90
4TdrMixThermal732.jpg,160,120,tidur,17,38,132,87
4TdrMixThermal738.jpg,160,120,tidur,10,26,130,78
4TdrMixThermal744.jpg,160,120,tidur,9,29,144,80
4TdrMixThermal750.jpg,160,120,tidur,1,35,160,82
4TdrMixThermal756.jpg,160,120,tidur,1,16,160,85
4TdrMixThermal762.jpg,160,120,tidur,20,35,160,84
4TdrMixThermal768.jpg,160,120,tidur,26,13,140,83
4TdrMixThermal774.jpg,160,120,tidur,8,33,103,82
4TdrMixThermal78.jpg,160,120,tidur,44,47,152,79
4TdrMixThermal780.jpg,160,120,tidur,37,36,152,82
4TdrMixThermal786.jpg,160,120,tidur,37,34,157,82
4TdrMixThermal792.jpg,160,120,tidur,22,29,123,81
4TdrMixThermal798.jpg,160,120,tidur,1,48,122,80
4TdrMixThermal804.jpg,160,120,tidur,6,15,133,77
4TdrMixThermal810.jpg,160,120,tidur,33,48,146,86
4TdrMixThermal816.jpg,160,120,tidur,1,28,126,81
4TdrMixThermal822.jpg,160,120,tidur,1,47,113,81
4TdrMixThermal828.jpg,160,120,tidur,14,17,144,80
4TdrMixThermal834.jpg,160,120,tidur,71,36,160,93
4TdrMixThermal84.jpg,160,120,tidur,34,44,145,79
4TdrMixThermal840.jpg,160,120,tidur,90,26,160,85
4TdrMixThermal90.jpg,160,120,tidur,37,41,129,78
4TdrMixThermal96.jpg,160,120,tidur,37,44,126,79
5TdrMixThermal102.jpg,160,120,tidur,54,36,160,77
5TdrMixThermal108.jpg,160,120,tidur,44,28,160,78
5TdrMixThermal114.jpg,160,120,tidur,39,35,160,76
5TdrMixThermal120.jpg,160,120,tidur,45,46,152,76
5TdrMixThermal126.jpg,160,120,tidur,30,39,156,75
5TdrMixThermal132.jpg,160,120,tidur,18,40,152,80
5TdrMixThermal138.jpg,160,120,tidur,45,44,158,76
5TdrMixThermal144.jpg,160,120,tidur,27,47,160,77
5TdrMixThermal150.jpg,160,120,tidur,13,35,160,81
5TdrMixThermal156.jpg,160,120,tidur,15,39,160,81
5TdrMixThermal162.jpg,160,120,tidur,12,18,160,79
5TdrMixThermal168.jpg,160,120,tidur,22,18,160,82
5TdrMixThermal174.jpg,160,120,tidur,36,21,144,81
5TdrMixThermal180.jpg,160,120,tidur,23,23,145,81
5TdrMixThermal186.jpg,160,120,tidur,21,30,160,78
5TdrMixThermal192.jpg,160,120,tidur,1,37,160,81
5TdrMixThermal198.jpg,160,120,tidur,6,26,160,80
5TdrMixThermal204.jpg,160,120,tidur,1,26,160,78
5TdrMixThermal210.jpg,160,120,tidur,1,23,160,81
5TdrMixThermal216.jpg,160,120,tidur,21,43,160,82
5TdrMixThermal222.jpg,160,120,tidur,21,52,160,81
5TdrMixThermal228.jpg,160,120,tidur,5,40,160,84
5TdrMixThermal234.jpg,160,120,tidur,1,30,160,81
5TdrMixThermal240.jpg,160,120,tidur,20,30,158,78
5TdrMixThermal246.jpg,160,120,tidur,34,24,154,77
5TdrMixThermal252.jpg,160,120,tidur,53,26,160,76
5TdrMixThermal258.jpg,160,120,tidur,43,46,160,76
5TdrMixThermal264.jpg,160,120,tidur,38,49,160,75
5TdrMixThermal270.jpg,160,120,tidur,58,40,160,78
5TdrMixThermal276.jpg,160,120,tidur,54,38,145,76
5TdrMixThermal282.jpg,160,120,tidur,53,42,114,79
5TdrMixThermal288.jpg,160,120,tidur,39,33,105,81
5TdrMixThermal294.jpg,160,120,tidur,1,42,98,79
5TdrMixThermal300.jpg,160,120,tidur,2,44,112,82
5TdrMixThermal306.jpg,160,120,tidur,12,46,112,80
5TdrMixThermal312.jpg,160,120,tidur,43,16,113,78
5TdrMixThermal318.jpg,160,120,tidur,78,35,160,78
5TdrMixThermal324.jpg,160,120,tidur,88,28,160,78
5TdrMixThermal330.jpg,160,120,tidur,111,34,160,76
5TdrMixThermal336.jpg,160,120,tidur,104,37,160,76
5TdrMixThermal342.jpg,160,120,tidur,77,31,160,75
5TdrMixThermal348.jpg,160,120,tidur,60,31,160,77
5TdrMixThermal354.jpg,160,120,tidur,18,50,144,82
5TdrMixThermal360.jpg,160,120,tidur,14,50,122,82
5TdrMixThermal366.jpg,160,120,tidur,15,38,121,81
5TdrMixThermal372.jpg,160,120,tidur,14,29,107,78
5TdrMixThermal378.jpg,160,120,tidur,27,36,127,75
5TdrMixThermal384.jpg,160,120,tidur,34,37,128,75
5TdrMixThermal390.jpg,160,120,tidur,43,35,127,75
5TdrMixThermal396.jpg,160,120,tidur,65,42,127,74
5TdrMixThermal402.jpg,160,120,tidur,66,48,130,75
5TdrMixThermal408.jpg,160,120,tidur,67,42,129,76
5TdrMixThermal414.jpg,160,120,tidur,60,36,136,75
5TdrMixThermal420.jpg,160,120,tidur,82,39,136,76
5TdrMixThermal426.jpg,160,120,tidur,71,39,149,78
5TdrMixThermal432.jpg,160,120,tidur,44,37,143,80
5TdrMixThermal438.jpg,160,120,tidur,44,36,149,79
5TdrMixThermal444.jpg,160,120,tidur,46,50,153,78
5TdrMixThermal450.jpg,160,120,tidur,40,45,160,82
5TdrMixThermal456.jpg,160,120,tidur,39,41,160,82
5TdrMixThermal462.jpg,160,120,tidur,46,39,154,77
5TdrMixThermal468.jpg,160,120,tidur,54,41,153,77
5TdrMixThermal474.jpg,160,120,tidur,51,30,155,76
5TdrMixThermal480.jpg,160,120,tidur,21,40,160,78
5TdrMixThermal486.jpg,160,120,tidur,21,37,160,77
5TdrMixThermal492.jpg,160,120,tidur,15,33,160,82
5TdrMixThermal498.jpg,160,120,tidur,34,13,160,82
5TdrMixThermal504.jpg,160,120,tidur,50,7,160,80
5TdrMixThermal510.jpg,160,120,tidur,37,11,160,84
5TdrMixThermal516.jpg,160,120,tidur,28,16,160,84
5TdrMixThermal522.jpg,160,120,tidur,1,22,160,82
5TdrMixThermal528.jpg,160,120,tidur,1,1,160,86
5TdrMixThermal534.jpg,160,120,tidur,5,1,143,89
5TdrMixThermal54.jpg,160,120,tidur,54,35,158,79
5TdrMixThermal540.jpg,160,120,tidur,13,1,160,85
5TdrMixThermal546.jpg,160,120,tidur,53,1,160,84
5TdrMixThermal552.jpg,160,120,tidur,7,1,135,86
5TdrMixThermal558.jpg,160,120,tidur,1,31,108,85
5TdrMixThermal564.jpg,160,120,tidur,1,40,104,85
5TdrMixThermal570.jpg,160,120,tidur,7,1,114,85
5TdrMixThermal576.jpg,160,120,tidur,58,26,160,86
5TdrMixThermal582.jpg,160,120,tidur,57,7,160,86
5TdrMixThermal588.jpg,160,120,tidur,61,8,153,81
5TdrMixThermal594.jpg,160,120,tidur,35,9,139,82
5TdrMixThermal60.jpg,160,120,tidur,40,39,148,78
5TdrMixThermal600.jpg,160,120,tidur,13,17,129,83
5TdrMixThermal606.jpg,160,120,tidur,13,42,125,78
5TdrMixThermal612.jpg,160,120,tidur,1,26,139,80
5TdrMixThermal618.jpg,160,120,tidur,1,28,144,82
5TdrMixThermal624.jpg,160,120,tidur,1,32,149,80
5TdrMixThermal630.jpg,160,120,tidur,1,32,145,79
5TdrMixThermal636.jpg,160,120,tidur,21,28,141,79
5TdrMixThermal642.jpg,160,120,tidur,21,31,144,77
5TdrMixThermal648.jpg,160,120,tidur,24,34,142,78
5TdrMixThermal654.jpg,160,120,tidur,37,37,142,76
5TdrMixThermal66.jpg,160,120,tidur,40,33,152,78
5TdrMixThermal660.jpg,160,120,tidur,32,46,140,76
5TdrMixThermal666.jpg,160,120,tidur,42,30,140,79
5TdrMixThermal672.jpg,160,120,tidur,69,43,141,76
5TdrMixThermal678.jpg,160,120,tidur,73,43,140,75
5TdrMixThermal684.jpg,160,120,tidur,79,44,143,76
5TdrMixThermal690.jpg,160,120,tidur,89,44,156,76
5TdrMixThermal696.jpg,160,120,tidur,70,29,152,76
5TdrMixThermal702.jpg,160,120,tidur,65,45,160,76
5TdrMixThermal708.jpg,160,120,tidur,43,35,160,80
5TdrMixThermal714.jpg,160,120,tidur,44,45,160,81
5TdrMixThermal72.jpg,160,120,tidur,9,44,156,79
5TdrMixThermal720.jpg,160,120,tidur,42,41,160,81
5TdrMixThermal726.jpg,160,120,tidur,50,26,160,79
5TdrMixThermal732.jpg,160,120,tidur,44,1,160,82
5TdrMixThermal738.jpg,160,120,tidur,1,24,160,85
5TdrMixThermal744.jpg,160,120,tidur,1,29,160,91
5TdrMixThermal750.jpg,160,120,tidur,40,16,160,80
5TdrMixThermal756.jpg,160,120,tidur,45,19,160,79
5TdrMixThermal762.jpg,160,120,tidur,52,40,160,80
5TdrMixThermal768.jpg,160,120,tidur,52,37,153,78
5TdrMixThermal774.jpg,160,120,tidur,47,39,145,80
5TdrMixThermal78.jpg,160,120,tidur,7,45,154,79
5TdrMixThermal780.jpg,160,120,tidur,18,35,121,85
5TdrMixThermal786.jpg,160,120,tidur,10,47,120,86
5TdrMixThermal792.jpg,160,120,tidur,4,39,103,86
5TdrMixThermal798.jpg,160,120,tidur,1,43,92,85
5TdrMixThermal804.jpg,160,120,tidur,1,19,90,86
5TdrMixThermal810.jpg,160,120,tidur,1,23,113,84
5TdrMixThermal816.jpg,160,120,tidur,1,44,122,81
5TdrMixThermal822.jpg,160,120,tidur,1,37,143,81
5TdrMixThermal828.jpg,160,120,tidur,26,25,158,80
5TdrMixThermal834.jpg,160,120,tidur,67,32,160,81
5TdrMixThermal84.jpg,160,120,tidur,1,40,160,81
5TdrMixThermal840.jpg,160,120,tidur,67,27,160,82
5TdrMixThermal846.jpg,160,120,tidur,63,20,160,92
5TdrMixThermal852.jpg,160,120,tidur,65,24,160,87
5TdrMixThermal858.jpg,160,120,tidur,41,24,160,80
5TdrMixThermal864.jpg,160,120,tidur,32,32,147,80
5TdrMixThermal870.jpg,160,120,tidur,19,42,158,81
5TdrMixThermal876.jpg,160,120,tidur,27,39,160,79
5TdrMixThermal882.jpg,160,120,tidur,25,46,158,80
5TdrMixThermal888.jpg,160,120,tidur,26,46,155,78
5TdrMixThermal894.jpg,160,120,tidur,45,32,152,75
5TdrMixThermal90.jpg,160,120,tidur,1,40,160,81
5TdrMixThermal900.jpg,160,120,tidur,37,30,105,75
5TdrMixThermal906.jpg,160,120,tidur,15,34,100,79
5TdrMixThermal912.jpg,160,120,tidur,30,33,123,76
5TdrMixThermal918.jpg,160,120,tidur,1,41,149,79
5TdrMixThermal924.jpg,160,120,tidur,1,46,160,80
5TdrMixThermal930.jpg,160,120,tidur,1,40,155,80
5TdrMixThermal936.jpg,160,120,tidur,1,17,160,82
5TdrMixThermal942.jpg,160,120,tidur,1,28,160,84
5TdrMixThermal96.jpg,160,120,tidur,42,28,160,79
6TdrMixThermal102.jpg,160,120,tidur,29,28,153,80
6TdrMixThermal108.jpg,160,120,tidur,15,39,151,83
6TdrMixThermal114.jpg,160,120,tidur,12,43,160,82
6TdrMixThermal120.jpg,160,120,tidur,6,43,160,82
6TdrMixThermal126.jpg,160,120,tidur,2,46,133,81
6TdrMixThermal132.jpg,160,120,tidur,3,39,132,82
6TdrMixThermal138.jpg,160,120,tidur,2,33,140,80
6TdrMixThermal144.jpg,160,120,tidur,50,30,160,77
6TdrMixThermal150.jpg,160,120,tidur,58,28,158,80
6TdrMixThermal156.jpg,160,120,tidur,43,34,156,80
6TdrMixThermal162.jpg,160,120,tidur,54,33,157,80
6TdrMixThermal168.jpg,160,120,tidur,55,38,160,79
6TdrMixThermal174.jpg,160,120,tidur,57,47,160,79
6TdrMixThermal180.jpg,160,120,tidur,55,33,160,77
6TdrMixThermal186.jpg,160,120,tidur,54,36,160,78
6TdrMixThermal192.jpg,160,120,tidur,47,46,160,80
6TdrMixThermal198.jpg,160,120,tidur,54,35,160,79
6TdrMixThermal204.jpg,160,120,tidur,40,43,160,79
6TdrMixThermal210.jpg,160,120,tidur,39,39,160,79
6TdrMixThermal216.jpg,160,120,tidur,38,28,120,79
6TdrMixThermal222.jpg,160,120,tidur,10,26,111,80
6TdrMixThermal228.jpg,160,120,tidur,3,27,120,81
6TdrMixThermal234.jpg,160,120,tidur,2,30,126,78
6TdrMixThermal240.jpg,160,120,tidur,1,43,119,78
6TdrMixThermal246.jpg,160,120,tidur,1,42,129,78
6TdrMixThermal252.jpg,160,120,tidur,1,35,116,77
6TdrMixThermal258.jpg,160,120,tidur,1,42,129,80
6TdrMixThermal264.jpg,160,120,tidur,1,6,148,80
6TdrMixThermal270.jpg,160,120,tidur,53,27,151,83
6TdrMixThermal276.jpg,160,120,tidur,52,26,152,83
6TdrMixThermal282.jpg,160,120,tidur,38,12,151,82
6TdrMixThermal288.jpg,160,120,tidur,29,44,158,78
6TdrMixThermal294.jpg,160,120,tidur,30,47,160,81
6TdrMixThermal300.jpg,160,120,tidur,28,41,160,79
6TdrMixThermal306.jpg,160,120,tidur,28,37,159,78
6TdrMixThermal312.jpg,160,120,tidur,26,40,142,77
6TdrMixThermal318.jpg,160,120,tidur,1,42,160,79
6TdrMixThermal324.jpg,160,120,tidur,1,47,160,81
6TdrMixThermal330.jpg,160,120,tidur,4,38,151,78
6TdrMixThermal336.jpg,160,120,tidur,35,35,147,74
6TdrMixThermal342.jpg,160,120,tidur,45,29,147,76
6TdrMixThermal348.jpg,160,120,tidur,46,34,148,77
6TdrMixThermal354.jpg,160,120,tidur,47,43,148,76
6TdrMixThermal360.jpg,160,120,tidur,60,49,146,76
6TdrMixThermal366.jpg,160,120,tidur,51,38,142,75
6TdrMixThermal372.jpg,160,120,tidur,53,43,143,75
6TdrMixThermal378.jpg,160,120,tidur,68,44,145,77
6TdrMixThermal384.jpg,160,120,tidur,68,44,156,80
6TdrMixThermal390.jpg,160,120,tidur,89,43,160,79
6TdrMixThermal396.jpg,160,120,tidur,69,46,160,81
6TdrMixThermal402.jpg,160,120,tidur,66,46,160,82
6TdrMixThermal408.jpg,160,120,tidur,98,43,160,82
6TdrMixThermal414.jpg,160,120,tidur,103,48,160,81
6TdrMixThermal420.jpg,160,120,tidur,65,43,154,77
6TdrMixThermal426.jpg,160,120,tidur,60,50,155,80
6TdrMixThermal432.jpg,160,120,tidur,61,42,157,80
6TdrMixThermal438.jpg,160,120,tidur,79,41,159,80
6TdrMixThermal444.jpg,160,120,tidur,80,44,158,79
6TdrMixThermal450.jpg,160,120,tidur,79,44,157,80
6TdrMixThermal456.jpg,160,120,tidur,45,41,138,78
6TdrMixThermal462.jpg,160,120,tidur,49,45,140,77
6TdrMixThermal468.jpg,160,120,tidur,79,42,138,77
6TdrMixThermal474.jpg,160,120,tidur,78,40,143,77
6TdrMixThermal48.jpg,160,120,tidur,47,38,141,78
6TdrMixThermal480.jpg,160,120,tidur,73,36,139,78
6TdrMixThermal486.jpg,160,120,tidur,49,29,124,78
6TdrMixThermal492.jpg,160,120,tidur,44,34,123,78
6TdrMixThermal498.jpg,160,120,tidur,39,39,105,78
6TdrMixThermal504.jpg,160,120,tidur,40,37,107,82
6TdrMixThermal510.jpg,160,120,tidur,45,32,125,80
6TdrMixThermal516.jpg,160,120,tidur,70,49,158,80
6TdrMixThermal522.jpg,160,120,tidur,51,37,153,83
6TdrMixThermal528.jpg,160,120,tidur,54,42,150,83
6TdrMixThermal534.jpg,160,120,tidur,54,53,152,83
6TdrMixThermal54.jpg,160,120,tidur,46,37,155,77
6TdrMixThermal540.jpg,160,120,tidur,54,53,151,83
6TdrMixThermal546.jpg,160,120,tidur,54,38,147,80
6TdrMixThermal552.jpg,160,120,tidur,69,38,150,80
6TdrMixThermal558.jpg,160,120,tidur,40,39,155,77
6TdrMixThermal564.jpg,160,120,tidur,25,39,151,79
6TdrMixThermal570.jpg,160,120,tidur,24,31,148,78
6TdrMixThermal576.jpg,160,120,tidur,27,31,147,79
6TdrMixThermal582.jpg,160,120,tidur,59,34,148,79
6TdrMixThermal588.jpg,160,120,tidur,59,32,147,79
6TdrMixThermal594.jpg,160,120,tidur,27,32,152,80
6TdrMixThermal60.jpg,160,120,tidur,29,27,155,75
6TdrMixThermal600.jpg,160,120,tidur,18,16,117,81
6TdrMixThermal606.jpg,160,120,tidur,17,23,116,76
6TdrMixThermal612.jpg,160,120,tidur,20,29,144,82
6TdrMixThermal618.jpg,160,120,tidur,14,31,155,81
6TdrMixThermal624.jpg,160,120,tidur,1,34,156,86
6TdrMixThermal630.jpg,160,120,tidur,1,41,160,82
6TdrMixThermal636.jpg,160,120,tidur,1,31,160,82
6TdrMixThermal642.jpg,160,120,tidur,1,25,160,82
6TdrMixThermal648.jpg,160,120,tidur,31,35,160,82
6TdrMixThermal654.jpg,160,120,tidur,29,1,160,83
6TdrMixThermal66.jpg,160,120,tidur,17,35,149,78
6TdrMixThermal660.jpg,160,120,tidur,32,18,152,82
6TdrMixThermal666.jpg,160,120,tidur,55,9,160,80
6TdrMixThermal672.jpg,160,120,tidur,46,30,145,82
6TdrMixThermal678.jpg,160,120,tidur,54,25,130,84
6TdrMixThermal684.jpg,160,120,tidur,57,26,121,86
6TdrMixThermal690.jpg,160,120,tidur,64,30,145,86
6TdrMixThermal696.jpg,160,120,tidur,89,31,160,86
6TdrMixThermal702.jpg,160,120,tidur,84,29,159,84
6TdrMixThermal708.jpg,160,120,tidur,42,23,141,77
6TdrMixThermal714.jpg,160,120,tidur,17,39,122,81
6TdrMixThermal72.jpg,160,120,tidur,11,45,160,80
6TdrMixThermal720.jpg,160,120,tidur,20,34,98,83
6TdrMixThermal726.jpg,160,120,tidur,21,34,123,83
6TdrMixThermal732.jpg,160,120,tidur,22,33,137,84
6TdrMixThermal738.jpg,160,120,tidur,38,18,112,84
6TdrMixThermal744.jpg,160,120,tidur,12,32,97,79
6TdrMixThermal750.jpg,160,120,tidur,1,34,119,80
6TdrMixThermal756.jpg,160,120,tidur,1,19,119,81
6TdrMixThermal762.jpg,160,120,tidur,4,14,139,79
6TdrMixThermal768.jpg,160,120,tidur,4,29,160,82
6TdrMixThermal774.jpg,160,120,tidur,1,26,160,84
6TdrMixThermal78.jpg,160,120,tidur,12,43,160,80
6TdrMixThermal780.jpg,160,120,tidur,1,11,160,87
6TdrMixThermal786.jpg,160,120,tidur,1,30,160,86
6TdrMixThermal792.jpg,160,120,tidur,12,36,150,81
6TdrMixThermal798.jpg,160,120,tidur,19,30,143,78
6TdrMixThermal804.jpg,160,120,tidur,20,28,145,78
6TdrMixThermal810.jpg,160,120,tidur,26,22,149,81
6TdrMixThermal816.jpg,160,120,tidur,43,20,160,82
6TdrMixThermal822.jpg,160,120,tidur,46,43,160,77
6TdrMixThermal828.jpg,160,120,tidur,43,31,160,78
6TdrMixThermal834.jpg,160,120,tidur,38,43,160,78
6TdrMixThermal84.jpg,160,120,tidur,14,20,160,80
6TdrMixThermal840.jpg,160,120,tidur,40,39,160,78
6TdrMixThermal846.jpg,160,120,tidur,67,41,160,74
6TdrMixThermal852.jpg,160,120,tidur,67,38,153,75
6TdrMixThermal858.jpg,160,120,tidur,61,49,160,76
6TdrMixThermal864.jpg,160,120,tidur,59,49,160,76
6TdrMixThermal870.jpg,160,120,tidur,59,46,154,76
6TdrMixThermal876.jpg,160,120,tidur,63,48,126,75
6TdrMixThermal882.jpg,160,120,tidur,62,50,128,76
6TdrMixThermal888.jpg,160,120,tidur,62,49,128,76
6TdrMixThermal894.jpg,160,120,tidur,55,31,154,79
6TdrMixThermal90.jpg,160,120,tidur,27,16,160,81
6TdrMixThermal900.jpg,160,120,tidur,47,42,158,76
6TdrMixThermal906.jpg,160,120,tidur,42,35,156,78
6TdrMixThermal912.jpg,160,120,tidur,39,30,160,78
6TdrMixThermal918.jpg,160,120,tidur,41,38,160,76
6TdrMixThermal924.jpg,160,120,tidur,39,8,160,78
6TdrMixThermal930.jpg,160,120,tidur,28,19,160,84
6TdrMixThermal96.jpg,160,120,tidur,25,14,160,82
7TdrMixThermal1002.jpg,160,120,tidur,66,44,155,75
7TdrMixThermal1008.jpg,160,120,tidur,64,47,160,79
7TdrMixThermal1014.jpg,160,120,tidur,67,39,160,78
7TdrMixThermal102.jpg,160,120,tidur,40,34,160,79
7TdrMixThermal1020.jpg,160,120,tidur,52,44,160,78
7TdrMixThermal1026.jpg,160,120,tidur,32,37,160,79
7TdrMixThermal1032.jpg,160,120,tidur,19,37,152,82
7TdrMixThermal1038.jpg,160,120,tidur,11,28,154,79
7TdrMixThermal1044.jpg,160,120,tidur,1,17,84,82
7TdrMixThermal1050.jpg,160,120,tidur,1,32,57,86
7TdrMixThermal1056.jpg,160,120,tidur,1,19,62,86
7TdrMixThermal1062.jpg,160,120,tidur,2,21,82,83
7TdrMixThermal1068.jpg,160,120,tidur,45,30,160,81
7TdrMixThermal1074.jpg,160,120,tidur,61,31,160,82
7TdrMixThermal108.jpg,160,120,tidur,40,24,160,79
7TdrMixThermal1080.jpg,160,120,tidur,76,34,160,83
7TdrMixThermal1086.jpg,160,120,tidur,81,40,160,79
7TdrMixThermal1092.jpg,160,120,tidur,96,19,160,78
7TdrMixThermal1098.jpg,160,120,tidur,88,16,160,79
7TdrMixThermal1104.jpg,160,120,tidur,82,41,160,78
7TdrMixThermal1110.jpg,160,120,tidur,77,32,152,80
7TdrMixThermal1116.jpg,160,120,tidur,51,23,131,80
7TdrMixThermal1122.jpg,160,120,tidur,72,38,156,79
7TdrMixThermal1128.jpg,160,120,tidur,27,36,160,83
7TdrMixThermal1134.jpg,160,120,tidur,45,35,155,89
7TdrMixThermal114.jpg,160,120,tidur,9,37,160,83
7TdrMixThermal1140.jpg,160,120,tidur,58,36,117,93
7TdrMixThermal1146.jpg,160,120,tidur,54,30,116,93
7TdrMixThermal1152.jpg,160,120,tidur,65,38,140,91
7TdrMixThermal1158.jpg,160,120,tidur,46,45,119,91
7TdrMixThermal1164.jpg,160,120,tidur,34,34,154,91
7TdrMixThermal1170.jpg,160,120,tidur,1,32,160,82
7TdrMixThermal1176.jpg,160,120,tidur,1,47,160,87
7TdrMixThermal1182.jpg,160,120,tidur,1,49,160,88
7TdrMixThermal1188.jpg,160,120,tidur,1,37,160,86
7TdrMixThermal1194.jpg,160,120,tidur,56,40,146,81
7TdrMixThermal120.jpg,160,120,tidur,31,19,160,80
7TdrMixThermal1200.jpg,160,120,tidur,79,33,160,82
7TdrMixThermal1206.jpg,160,120,tidur,52,31,160,79
7TdrMixThermal1212.jpg,160,120,tidur,30,32,160,80
7TdrMixThermal1218.jpg,160,120,tidur,25,22,134,81
7TdrMixThermal1224.jpg,160,120,tidur,26,23,139,81
7TdrMixThermal1230.jpg,160,120,tidur,48,35,156,78
7TdrMixThermal1236.jpg,160,120,tidur,46,35,153,79
7TdrMixThermal1242.jpg,160,120,tidur,13,26,152,80
7TdrMixThermal1248.jpg,160,120,tidur,11,18,155,79
7TdrMixThermal1254.jpg,160,120,tidur,12,25,156,79
7TdrMixThermal126.jpg,160,120,tidur,66,1,160,80
7TdrMixThermal1260.jpg,160,120,tidur,30,26,154,79
7TdrMixThermal132.jpg,160,120,tidur,76,15,160,78
7TdrMixThermal138.jpg,160,120,tidur,23,16,160,85
7TdrMixThermal144.jpg,160,120,tidur,17,21,120,79
7TdrMixThermal150.jpg,160,120,tidur,1,42,119,80
7TdrMixThermal156.jpg,160,120,tidur,2,43,146,80
7TdrMixThermal162.jpg,160,120,tidur,14,9,145,80
7TdrMixThermal168.jpg,160,120,tidur,14,11,160,80
7TdrMixThermal174.jpg,160,120,tidur,70,38,160,80
7TdrMixThermal180.jpg,160,120,tidur,66,13,160,79
7TdrMixThermal186.jpg,160,120,tidur,1,8,149,80
7TdrMixThermal192.jpg,160,120,tidur,1,33,91,80
7TdrMixThermal198.jpg,160,120,tidur,1,40,136,80
7TdrMixThermal204.jpg,160,120,tidur,1,41,156,81
7TdrMixThermal210.jpg,160,120,tidur,1,28,155,83
7TdrMixThermal216.jpg,160,120,tidur,16,17,156,105
7TdrMixThermal222.jpg,160,120,tidur,64,38,160,108
7TdrMixThermal228.jpg,160,120,tidur,71,1,160,85
7TdrMixThermal234.jpg,160,120,tidur,68,45,160,80
7TdrMixThermal240.jpg,160,120,tidur,69,41,160,79
7TdrMixThermal246.jpg,160,120,tidur,72,40,160,80
7TdrMixThermal252.jpg,160,120,tidur,72,32,160,80
7TdrMixThermal258.jpg,160,120,tidur,73,1,160,81
7TdrMixThermal264.jpg,160,120,tidur,61,10,160,79
7TdrMixThermal270.jpg,160,120,tidur,49,16,160,79
7TdrMixThermal276.jpg,160,120,tidur,50,50,160,79
7TdrMixThermal282.jpg,160,120,tidur,12,53,160,80
7TdrMixThermal288.jpg,160,120,tidur,1,54,160,80
7TdrMixThermal294.jpg,160,120,tidur,25,51,160,80
7TdrMixThermal300.jpg,160,120,tidur,26,24,160,80
7TdrMixThermal306.jpg,160,120,tidur,50,50,160,79
7TdrMixThermal312.jpg,160,120,tidur,5,11,160,79
7TdrMixThermal318.jpg,160,120,tidur,43,18,160,79
7TdrMixThermal324.jpg,160,120,tidur,39,32,160,86
7TdrMixThermal330.jpg,160,120,tidur,29,6,160,87
7TdrMixThermal336.jpg,160,120,tidur,26,6,160,87
7TdrMixThermal342.jpg,160,120,tidur,38,35,157,81
7TdrMixThermal348.jpg,160,120,tidur,43,21,158,79
7TdrMixThermal354.jpg,160,120,tidur,43,38,160,79
7TdrMixThermal360.jpg,160,120,tidur,35,38,160,79
7TdrMixThermal366.jpg,160,120,tidur,41,29,159,80
7TdrMixThermal372.jpg,160,120,tidur,37,40,160,79
7TdrMixThermal378.jpg,160,120,tidur,35,35,159,79
7TdrMixThermal384.jpg,160,120,tidur,31,24,143,79
7TdrMixThermal390.jpg,160,120,tidur,25,24,150,84
7TdrMixThermal396.jpg,160,120,tidur,25,32,157,84
7TdrMixThermal402.jpg,160,120,tidur,28,26,157,80
7TdrMixThermal408.jpg,160,120,tidur,33,41,126,77
7TdrMixThermal414.jpg,160,120,tidur,30,40,128,78
7TdrMixThermal420.jpg,160,120,tidur,26,32,141,79
7TdrMixThermal426.jpg,160,120,tidur,28,28,128,80
7TdrMixThermal432.jpg,160,120,tidur,27,28,101,78
7TdrMixThermal438.jpg,160,120,tidur,28,23,102,79
7TdrMixThermal444.jpg,160,120,tidur,28,39,116,79
7TdrMixThermal450.jpg,160,120,tidur,39,36,120,79
7TdrMixThermal456.jpg,160,120,tidur,13,33,141,87
7TdrMixThermal462.jpg,160,120,tidur,39,31,160,83
7TdrMixThermal468.jpg,160,120,tidur,58,35,160,83
7TdrMixThermal474.jpg,160,120,tidur,49,37,152,76
7TdrMixThermal480.jpg,160,120,tidur,23,32,160,78
7TdrMixThermal486.jpg,160,120,tidur,21,41,160,78
7TdrMixThermal492.jpg,160,120,tidur,40,28,159,77
7TdrMixThermal498.jpg,160,120,tidur,41,44,147,77
7TdrMixThermal504.jpg,160,120,tidur,53,41,147,75
7TdrMixThermal510.jpg,160,120,tidur,55,46,137,75
7TdrMixThermal516.jpg,160,120,tidur,56,51,126,74
7TdrMixThermal522.jpg,160,120,tidur,58,47,153,75
7TdrMixThermal528.jpg,160,120,tidur,65,40,160,76
7TdrMixThermal534.jpg,160,120,tidur,63,38,160,76
7TdrMixThermal540.jpg,160,120,tidur,56,41,150,77
7TdrMixThermal546.jpg,160,120,tidur,55,41,151,75
7TdrMixThermal552.jpg,160,120,tidur,55,51,160,75
7TdrMixThermal558.jpg,160,120,tidur,55,43,160,75
7TdrMixThermal564.jpg,160,120,tidur,54,57,152,77
7TdrMixThermal570.jpg,160,120,tidur,62,51,159,78
7TdrMixThermal576.jpg,160,120,tidur,59,40,153,76
7TdrMixThermal582.jpg,160,120,tidur,53,44,157,75
7TdrMixThermal588.jpg,160,120,tidur,48,38,158,76
7TdrMixThermal594.jpg,160,120,tidur,45,43,160,77
7TdrMixThermal600.jpg,160,120,tidur,39,41,158,78
7TdrMixThermal606.jpg,160,120,tidur,24,21,149,79
7TdrMixThermal612.jpg,160,120,tidur,18,25,139,79
7TdrMixThermal618.jpg,160,120,tidur,18,36,144,76
7TdrMixThermal624.jpg,160,120,tidur,17,32,149,77
7TdrMixThermal630.jpg,160,120,tidur,1,40,160,77
7TdrMixThermal636.jpg,160,120,tidur,17,43,140,81
7TdrMixThermal642.jpg,160,120,tidur,27,23,140,77
7TdrMixThermal648.jpg,160,120,tidur,36,34,133,79
7TdrMixThermal654.jpg,160,120,tidur,54,42,137,87
7TdrMixThermal660.jpg,160,120,tidur,46,34,160,83
7TdrMixThermal666.jpg,160,120,tidur,34,44,142,80
7TdrMixThermal672.jpg,160,120,tidur,43,39,160,85
7TdrMixThermal678.jpg,160,120,tidur,41,31,160,86
7TdrMixThermal684.jpg,160,120,tidur,59,39,160,83
7TdrMixThermal690.jpg,160,120,tidur,10,30,160,85
7TdrMixThermal696.jpg,160,120,tidur,50,42,160,81
7TdrMixThermal702.jpg,160,120,tidur,51,41,160,81
7TdrMixThermal708.jpg,160,120,tidur,14,37,160,85
7TdrMixThermal714.jpg,160,120,tidur,34,32,160,85
7TdrMixThermal720.jpg,160,120,tidur,34,21,149,84
7TdrMixThermal726.jpg,160,120,tidur,1,27,146,81
7TdrMixThermal732.jpg,160,120,tidur,1,24,160,88
7TdrMixThermal738.jpg,160,120,tidur,4,15,130,86
7TdrMixThermal744.jpg,160,120,tidur,16,21,114,84
7TdrMixThermal750.jpg,160,120,tidur,1,30,153,81
7TdrMixThermal756.jpg,160,120,tidur,1,27,160,81
7TdrMixThermal762.jpg,160,120,tidur,1,34,116,81
7TdrMixThermal768.jpg,160,120,tidur,1,31,114,79
7TdrMixThermal774.jpg,160,120,tidur,1,30,158,80
7TdrMixThermal780.jpg,160,120,tidur,1,28,148,78
7TdrMixThermal786.jpg,160,120,tidur,1,23,150,83
7TdrMixThermal792.jpg,160,120,tidur,1,37,136,83
7TdrMixThermal798.jpg,160,120,tidur,1,36,121,83
7TdrMixThermal804.jpg,160,120,tidur,1,35,142,84
7TdrMixThermal810.jpg,160,120,tidur,1,19,157,82
7TdrMixThermal816.jpg,160,120,tidur,20,12,160,80
7TdrMixThermal822.jpg,160,120,tidur,45,16,145,78
7TdrMixThermal828.jpg,160,120,tidur,36,2,128,82
7TdrMixThermal834.jpg,160,120,tidur,30,12,117,91
7TdrMixThermal840.jpg,160,120,tidur,61,2,160,81
7TdrMixThermal846.jpg,160,120,tidur,75,42,160,80
7TdrMixThermal852.jpg,160,120,tidur,87,20,160,77
7TdrMixThermal858.jpg,160,120,tidur,103,23,160,78
7TdrMixThermal864.jpg,160,120,tidur,117,41,160,79
7TdrMixThermal870.jpg,160,120,tidur,117,42,160,79
7TdrMixThermal876.jpg,160,120,tidur,97,31,160,78
7TdrMixThermal882.jpg,160,120,tidur,47,20,160,78
7TdrMixThermal888.jpg,160,120,tidur,54,14,160,80
7TdrMixThermal894.jpg,160,120,tidur,1,14,108,81
7TdrMixThermal90.jpg,160,120,tidur,64,26,160,77
7TdrMixThermal900.jpg,160,120,tidur,1,14,120,79
7TdrMixThermal906.jpg,160,120,tidur,1,47,122,80
7TdrMixThermal912.jpg,160,120,tidur,1,48,123,81
7TdrMixThermal918.jpg,160,120,tidur,1,29,111,80
7TdrMixThermal924.jpg,160,120,tidur,1,40,125,79
7TdrMixThermal930.jpg,160,120,tidur,1,48,150,79
7TdrMixThermal936.jpg,160,120,tidur,1,35,156,82
7TdrMixThermal942.jpg,160,120,tidur,1,42,156,80
7TdrMixThermal948.jpg,160,120,tidur,1,27,160,81
7TdrMixThermal954.jpg,160,120,tidur,20,43,160,78
7TdrMixThermal96.jpg,160,120,tidur,48,35,160,77
7TdrMixThermal960.jpg,160,120,tidur,22,20,127,76
7TdrMixThermal966.jpg,160,120,tidur,22,36,144,77
7TdrMixThermal972.jpg,160,120,tidur,54,39,146,76
7TdrMixThermal978.jpg,160,120,tidur,66,39,150,76
7TdrMixThermal984.jpg,160,120,tidur,66,43,150,76
7TdrMixThermal990.jpg,160,120,tidur,45,37,149,77
7TdrMixThermal996.jpg,160,120,tidur,39,46,152,78
8TdrMixThermal1002.jpg,160,120,tidur,133,42,160,91
8TdrMixThermal1008.jpg,160,120,tidur,145,47,160,77
8TdrMixThermal1014.jpg,160,120,tidur,129,34,160,82
8TdrMixThermal102.jpg,160,120,tidur,36,26,160,96
8TdrMixThermal1020.jpg,160,120,tidur,108,42,160,92
8TdrMixThermal1026.jpg,160,120,tidur,55,26,160,108
8TdrMixThermal1038.jpg,160,120,tidur,11,42,160,85
8TdrMixThermal1044.jpg,160,120,tidur,6,26,160,84
8TdrMixThermal1050.jpg,160,120,tidur,9,33,160,82
8TdrMixThermal1056.jpg,160,120,tidur,10,41,160,87
8TdrMixThermal1062.jpg,160,120,tidur,6,34,160,86
8TdrMixThermal1068.jpg,160,120,tidur,1,34,160,88
8TdrMixThermal1074.jpg,160,120,tidur,1,36,160,87
8TdrMixThermal108.jpg,160,120,tidur,38,27,160,89
8TdrMixThermal1080.jpg,160,120,tidur,1,25,160,85
8TdrMixThermal1086.jpg,160,120,tidur,1,12,160,84
8TdrMixThermal1092.jpg,160,120,tidur,1,40,145,84
8TdrMixThermal1098.jpg,160,120,tidur,1,40,135,81
8TdrMixThermal1104.jpg,160,120,tidur,1,51,139,81
8TdrMixThermal1110.jpg,160,120,tidur,1,46,141,80
8TdrMixThermal1116.jpg,160,120,tidur,1,45,140,80
8TdrMixThermal1122.jpg,160,120,tidur,1,48,142,81
8TdrMixThermal1128.jpg,160,120,tidur,1,39,153,81
8TdrMixThermal1134.jpg,160,120,tidur,1,34,160,81
8TdrMixThermal114.jpg,160,120,tidur,14,37,160,90
8TdrMixThermal1140.jpg,160,120,tidur,1,20,160,89
8TdrMixThermal1146.jpg,160,120,tidur,1,37,160,91
8TdrMixThermal1152.jpg,160,120,tidur,7,36,160,84
8TdrMixThermal1158.jpg,160,120,tidur,5,48,160,84
8TdrMixThermal1164.jpg,160,120,tidur,30,50,151,83
8TdrMixThermal1170.jpg,160,120,tidur,36,42,140,78
8TdrMixThermal1176.jpg,160,120,tidur,46,52,137,79
8TdrMixThermal1182.jpg,160,120,tidur,36,56,136,79
8TdrMixThermal1188.jpg,160,120,tidur,41,53,132,79
8TdrMixThermal1194.jpg,160,120,tidur,42,45,129,77
8TdrMixThermal120.jpg,160,120,tidur,13,23,160,89
8TdrMixThermal1200.jpg,160,120,tidur,44,43,127,78
8TdrMixThermal1206.jpg,160,120,tidur,46,43,128,79
8TdrMixThermal1212.jpg,160,120,tidur,49,47,129,79
8TdrMixThermal1218.jpg,160,120,tidur,46,51,128,79
8TdrMixThermal1224.jpg,160,120,tidur,38,44,126,78
8TdrMixThermal1230.jpg,160,120,tidur,37,48,134,79
8TdrMixThermal1236.jpg,160,120,tidur,64,25,146,78
8TdrMixThermal1242.jpg,160,120,tidur,37,31,160,82
8TdrMixThermal126.jpg,160,120,tidur,14,27,160,91
8TdrMixThermal132.jpg,160,120,tidur,45,39,160,88
8TdrMixThermal138.jpg,160,120,tidur,67,38,160,85
8TdrMixThermal144.jpg,160,120,tidur,71,33,160,86
8TdrMixThermal150.jpg,160,120,tidur,30,39,160,86
8TdrMixThermal156.jpg,160,120,tidur,22,41,160,85
8TdrMixThermal162.jpg,160,120,tidur,22,47,160,86
8TdrMixThermal168.jpg,160,120,tidur,22,34,160,86
8TdrMixThermal174.jpg,160,120,tidur,27,35,160,85
8TdrMixThermal180.jpg,160,120,tidur,59,30,160,85
8TdrMixThermal186.jpg,160,120,tidur,56,23,160,85
8TdrMixThermal192.jpg,160,120,tidur,8,24,160,88
8TdrMixThermal198.jpg,160,120,tidur,1,40,160,96
8TdrMixThermal204.jpg,160,120,tidur,1,35,150,94
8TdrMixThermal210.jpg,160,120,tidur,1,35,130,91
8TdrMixThermal216.jpg,160,120,tidur,1,44,117,89
8TdrMixThermal222.jpg,160,120,tidur,1,38,109,83
8TdrMixThermal228.jpg,160,120,tidur,1,16,99,82
8TdrMixThermal234.jpg,160,120,tidur,6,7,107,82
8TdrMixThermal240.jpg,160,120,tidur,48,17,121,89
8TdrMixThermal246.jpg,160,120,tidur,57,13,143,95
8TdrMixThermal252.jpg,160,120,tidur,100,33,160,93
8TdrMixThermal258.jpg,160,120,tidur,113,45,160,92
8TdrMixThermal264.jpg,160,120,tidur,109,45,160,94
8TdrMixThermal270.jpg,160,120,tidur,1,52,160,90
8TdrMixThermal276.jpg,160,120,tidur,1,24,142,89
8TdrMixThermal282.jpg,160,120,tidur,1,41,125,87
8TdrMixThermal288.jpg,160,120,tidur,2,43,120,84
8TdrMixThermal294.jpg,160,120,tidur,5,42,150,80
8TdrMixThermal300.jpg,160,120,tidur,38,36,160,79
8TdrMixThermal306.jpg,160,120,tidur,37,25,160,82
8TdrMixThermal312.jpg,160,120,tidur,29,35,160,83
8TdrMixThermal318.jpg,160,120,tidur,39,36,160,83
8TdrMixThermal324.jpg,160,120,tidur,28,44,160,86
8TdrMixThermal330.jpg,160,120,tidur,12,37,160,88
8TdrMixThermal336.jpg,160,120,tidur,2,1,160,98
8TdrMixThermal342.jpg,160,120,tidur,1,1,146,97
8TdrMixThermal348.jpg,160,120,tidur,1,25,153,85
8TdrMixThermal354.jpg,160,120,tidur,1,37,145,83
8TdrMixThermal360.jpg,160,120,tidur,1,30,147,84
8TdrMixThermal366.jpg,160,120,tidur,5,2,149,90
8TdrMixThermal372.jpg,160,120,tidur,10,1,149,92
8TdrMixThermal378.jpg,160,120,tidur,2,12,153,85
8TdrMixThermal384.jpg,160,120,tidur,1,16,160,95
8TdrMixThermal390.jpg,160,120,tidur,1,19,158,84
8TdrMixThermal396.jpg,160,120,tidur,1,27,160,99
8TdrMixThermal402.jpg,160,120,tidur,1,10,160,94
8TdrMixThermal408.jpg,160,120,tidur,1,1,160,95
8TdrMixThermal414.jpg,160,120,tidur,1,19,160,95
8TdrMixThermal420.jpg,160,120,tidur,1,31,160,87
8TdrMixThermal426.jpg,160,120,tidur,37,26,160,84
8TdrMixThermal432.jpg,160,120,tidur,40,29,160,83
8TdrMixThermal438.jpg,160,120,tidur,42,30,160,82
8TdrMixThermal444.jpg,160,120,tidur,47,37,160,87
8TdrMixThermal450.jpg,160,120,tidur,58,34,136,84
8TdrMixThermal456.jpg,160,120,tidur,54,39,160,94
8TdrMixThermal462.jpg,160,120,tidur,49,36,160,94
8TdrMixThermal468.jpg,160,120,tidur,40,37,160,86
8TdrMixThermal474.jpg,160,120,tidur,77,42,160,86
8TdrMixThermal480.jpg,160,120,tidur,73,29,160,87
8TdrMixThermal486.jpg,160,120,tidur,61,26,135,93
8TdrMixThermal492.jpg,160,120,tidur,19,31,121,88
8TdrMixThermal498.jpg,160,120,tidur,13,28,117,90
8TdrMixThermal504.jpg,160,120,tidur,55,30,145,89
8TdrMixThermal510.jpg,160,120,tidur,70,33,160,90
8TdrMixThermal516.jpg,160,120,tidur,72,35,160,88
8TdrMixThermal522.jpg,160,120,tidur,104,35,160,93
8TdrMixThermal528.jpg,160,120,tidur,64,34,160,86
8TdrMixThermal534.jpg,160,120,tidur,43,31,160,88
8TdrMixThermal54.jpg,160,120,tidur,19,39,129,80
8TdrMixThermal540.jpg,160,120,tidur,14,34,160,82
8TdrMixThermal546.jpg,160,120,tidur,8,30,160,82
8TdrMixThermal552.jpg,160,120,tidur,1,30,160,85
8TdrMixThermal558.jpg,160,120,tidur,1,18,160,88
8TdrMixThermal564.jpg,160,120,tidur,26,6,160,102
8TdrMixThermal570.jpg,160,120,tidur,28,33,160,93
8TdrMixThermal576.jpg,160,120,tidur,33,20,160,88
8TdrMixThermal582.jpg,160,120,tidur,29,32,160,86
8TdrMixThermal588.jpg,160,120,tidur,21,35,160,84
8TdrMixThermal594.jpg,160,120,tidur,20,44,160,83
8TdrMixThermal60.jpg,160,120,tidur,14,38,139,82
8TdrMixThermal600.jpg,160,120,tidur,23,39,160,80
8TdrMixThermal606.jpg,160,120,tidur,46,29,154,82
8TdrMixThermal612.jpg,160,120,tidur,40,34,160,82
8TdrMixThermal618.jpg,160,120,tidur,68,28,160,87
8TdrMixThermal624.jpg,160,120,tidur,80,30,160,82
8TdrMixThermal630.jpg,160,120,tidur,84,50,160,86
8TdrMixThermal636.jpg,160,120,tidur,94,55,160,85
8TdrMixThermal642.jpg,160,120,tidur,99,53,160,83
8TdrMixThermal648.jpg,160,120,tidur,99,52,160,85
8TdrMixThermal654.jpg,160,120,tidur,86,53,160,86
8TdrMixThermal66.jpg,160,120,tidur,7,34,144,84
8TdrMixThermal660.jpg,160,120,tidur,81,48,160,85
8TdrMixThermal666.jpg,160,120,tidur,68,33,160,83
8TdrMixThermal672.jpg,160,120,tidur,62,30,160,85
8TdrMixThermal678.jpg,160,120,tidur,42,33,160,83
8TdrMixThermal684.jpg,160,120,tidur,35,42,160,87
8TdrMixThermal690.jpg,160,120,tidur,14,37,160,88
8TdrMixThermal696.jpg,160,120,tidur,2,6,160,88
8TdrMixThermal702.jpg,160,120,tidur,10,45,147,83
8TdrMixThermal708.jpg,160,120,tidur,19,38,141,82
8TdrMixThermal714.jpg,160,120,tidur,32,32,140,80
8TdrMixThermal72.jpg,160,120,tidur,7,16,160,84
8TdrMixThermal720.jpg,160,120,tidur,37,37,140,80
8TdrMixThermal726.jpg,160,120,tidur,35,34,160,81
8TdrMixThermal732.jpg,160,120,tidur,27,35,160,81
8TdrMixThermal738.jpg,160,120,tidur,1,33,160,82
8TdrMixThermal744.jpg,160,120,tidur,1,31,160,83
8TdrMixThermal750.jpg,160,120,tidur,1,29,160,85
8TdrMixThermal756.jpg,160,120,tidur,1,24,160,86
8TdrMixThermal762.jpg,160,120,tidur,1,24,160,85
8TdrMixThermal768.jpg,160,120,tidur,20,31,149,86
8TdrMixThermal774.jpg,160,120,tidur,22,30,160,86
8TdrMixThermal78.jpg,160,120,tidur,19,27,160,88
8TdrMixThermal780.jpg,160,120,tidur,20,36,160,86
8TdrMixThermal786.jpg,160,120,tidur,25,23,160,86
8TdrMixThermal792.jpg,160,120,tidur,39,1,160,85
8TdrMixThermal798.jpg,160,120,tidur,18,24,160,83
8TdrMixThermal804.jpg,160,120,tidur,16,23,160,83
8TdrMixThermal810.jpg,160,120,tidur,6,33,160,85
8TdrMixThermal816.jpg,160,120,tidur,1,22,160,87
8TdrMixThermal822.jpg,160,120,tidur,1,15,160,88
8TdrMixThermal828.jpg,160,120,tidur,1,21,160,88
8TdrMixThermal834.jpg,160,120,tidur,1,35,159,84
8TdrMixThermal84.jpg,160,120,tidur,56,26,160,91
8TdrMixThermal840.jpg,160,120,tidur,34,25,160,83
8TdrMixThermal846.jpg,160,120,tidur,45,18,160,86
8TdrMixThermal852.jpg,160,120,tidur,71,16,160,85
8TdrMixThermal858.jpg,160,120,tidur,86,36,160,85
8TdrMixThermal864.jpg,160,120,tidur,95,50,160,86
8TdrMixThermal870.jpg,160,120,tidur,104,51,160,84
8TdrMixThermal876.jpg,160,120,tidur,111,45,160,83
8TdrMixThermal882.jpg,160,120,tidur,114,49,160,84
8TdrMixThermal888.jpg,160,120,tidur,113,46,160,84
8TdrMixThermal894.jpg,160,120,tidur,95,27,160,85
8TdrMixThermal90.jpg,160,120,tidur,6,23,119,95
8TdrMixThermal900.jpg,160,120,tidur,83,29,160,95
8TdrMixThermal906.jpg,160,120,tidur,66,28,160,85
8TdrMixThermal912.jpg,160,120,tidur,25,10,158,95
8TdrMixThermal918.jpg,160,120,tidur,71,48,160,88
8TdrMixThermal924.jpg,160,120,tidur,77,22,160,87
8TdrMixThermal930.jpg,160,120,tidur,50,27,160,92
8TdrMixThermal936.jpg,160,120,tidur,1,40,154,91
8TdrMixThermal942.jpg,160,120,tidur,10,1,110,96
8TdrMixThermal948.jpg,160,120,tidur,19,41,160,89
8TdrMixThermal954.jpg,160,120,tidur,44,32,117,83
8TdrMixThermal96.jpg,160,120,tidur,33,17,160,96
8TdrMixThermal960.jpg,160,120,tidur,1,42,100,80
8TdrMixThermal966.jpg,160,120,tidur,1,39,89,81
8TdrMixThermal972.jpg,160,120,tidur,1,40,89,81
8TdrMixThermal978.jpg,160,120,tidur,1,40,104,80
8TdrMixThermal984.jpg,160,120,tidur,1,18,152,83
8TdrMixThermal990.jpg,160,120,tidur,1,39,160,86
8TdrMixThermal996.jpg,160,120,tidur,50,4,160,90
9TdrMixThermal1002.jpg,160,120,tidur,26,15,158,91
9TdrMixThermal1008.jpg,160,120,tidur,35,46,156,82
9TdrMixThermal1014.jpg,160,120,tidur,31,36,148,79
9TdrMixThermal102.jpg,160,120,tidur,1,36,160,85
9TdrMixThermal1020.jpg,160,120,tidur,51,40,144,80
9TdrMixThermal1026.jpg,160,120,tidur,53,47,144,79
9TdrMixThermal1032.jpg,160,120,tidur,41,40,144,78
9TdrMixThermal1038.jpg,160,120,tidur,39,44,150,86
9TdrMixThermal1044.jpg,160,120,tidur,29,19,158,86
9TdrMixThermal1050.jpg,160,120,tidur,19,24,160,88
9TdrMixThermal1056.jpg,160,120,tidur,35,42,157,85
9TdrMixThermal1062.jpg,160,120,tidur,3,27,159,85
9TdrMixThermal1068.jpg,160,120,tidur,31,20,160,86
9TdrMixThermal1074.jpg,160,120,tidur,36,30,157,88
9TdrMixThermal108.jpg,160,120,tidur,1,30,160,85
9TdrMixThermal1080.jpg,160,120,tidur,1,52,160,90
9TdrMixThermal1086.jpg,160,120,tidur,1,52,160,85
9TdrMixThermal1092.jpg,160,120,tidur,6,52,160,82
9TdrMixThermal1098.jpg,160,120,tidur,34,45,160,82
9TdrMixThermal1104.jpg,160,120,tidur,65,27,155,80
9TdrMixThermal1110.jpg,160,120,tidur,67,39,155,79
9TdrMixThermal1116.jpg,160,120,tidur,61,42,159,82
9TdrMixThermal1122.jpg,160,120,tidur,62,45,160,83
9TdrMixThermal1128.jpg,160,120,tidur,36,36,160,82
9TdrMixThermal1134.jpg,160,120,tidur,20,38,160,81
9TdrMixThermal114.jpg,160,120,tidur,28,40,160,83
9TdrMixThermal1140.jpg,160,120,tidur,23,44,160,86
9TdrMixThermal1146.jpg,160,120,tidur,21,42,160,84
9TdrMixThermal1152.jpg,160,120,tidur,1,45,160,86
9TdrMixThermal1158.jpg,160,120,tidur,1,33,160,89
9TdrMixThermal1164.jpg,160,120,tidur,19,30,160,88
9TdrMixThermal1170.jpg,160,120,tidur,25,24,160,89
9TdrMixThermal1176.jpg,160,120,tidur,58,32,160,88
9TdrMixThermal1182.jpg,160,120,tidur,70,46,160,85
9TdrMixThermal1194.jpg,160,120,tidur,107,49,160,87
9TdrMixThermal120.jpg,160,120,tidur,27,36,160,83
9TdrMixThermal1200.jpg,160,120,tidur,96,35,160,90
9TdrMixThermal1206.jpg,160,120,tidur,104,19,160,88
9TdrMixThermal1212.jpg,160,120,tidur,84,38,160,85
9TdrMixThermal1218.jpg,160,120,tidur,94,35,160,90
9TdrMixThermal1224.jpg,160,120,tidur,76,25,139,89
9TdrMixThermal1230.jpg,160,120,tidur,27,22,104,81
9TdrMixThermal1236.jpg,160,120,tidur,1,26,75,81
9TdrMixThermal1242.jpg,160,120,tidur,1,23,66,82
9TdrMixThermal1254.jpg,160,120,tidur,1,25,63,82
9TdrMixThermal126.jpg,160,120,tidur,33,27,160,82
9TdrMixThermal1260.jpg,160,120,tidur,1,21,86,82
9TdrMixThermal1266.jpg,160,120,tidur,1,24,89,82
9TdrMixThermal1272.jpg,160,120,tidur,24,31,121,86
9TdrMixThermal1278.jpg,160,120,tidur,47,25,141,84
9TdrMixThermal1284.jpg,160,120,tidur,28,28,125,88
9TdrMixThermal1290.jpg,160,120,tidur,1,27,89,80
9TdrMixThermal1296.jpg,160,120,tidur,1,24,76,80
9TdrMixThermal1302.jpg,160,120,tidur,1,8,84,85
9TdrMixThermal1308.jpg,160,120,tidur,1,18,113,85
9TdrMixThermal1314.jpg,160,120,tidur,5,30,148,83
9TdrMixThermal132.jpg,160,120,tidur,39,39,160,80
9TdrMixThermal1320.jpg,160,120,tidur,1,41,142,85
9TdrMixThermal1326.jpg,160,120,tidur,1,26,157,88
9TdrMixThermal1332.jpg,160,120,tidur,1,24,160,90
9TdrMixThermal1338.jpg,160,120,tidur,22,45,160,83
9TdrMixThermal1344.jpg,160,120,tidur,27,41,160,83
9TdrMixThermal1350.jpg,160,120,tidur,39,31,160,79
9TdrMixThermal1356.jpg,160,120,tidur,76,29,160,81
9TdrMixThermal1362.jpg,160,120,tidur,76,26,160,78
9TdrMixThermal1368.jpg,160,120,tidur,45,19,160,81
9TdrMixThermal1374.jpg,160,120,tidur,11,37,160,83
9TdrMixThermal138.jpg,160,120,tidur,45,34,160,83
9TdrMixThermal1380.jpg,160,120,tidur,7,40,160,91
9TdrMixThermal1386.jpg,160,120,tidur,1,38,160,83
9TdrMixThermal1392.jpg,160,120,tidur,1,37,160,83
9TdrMixThermal1398.jpg,160,120,tidur,1,30,160,81
9TdrMixThermal1404.jpg,160,120,tidur,20,43,151,81
9TdrMixThermal1410.jpg,160,120,tidur,24,42,147,84
9TdrMixThermal1416.jpg,160,120,tidur,53,53,160,85
9TdrMixThermal1422.jpg,160,120,tidur,56,45,160,81
9TdrMixThermal1428.jpg,160,120,tidur,57,49,142,79
9TdrMixThermal1434.jpg,160,120,tidur,53,46,121,79
9TdrMixThermal144.jpg,160,120,tidur,57,41,160,86
9TdrMixThermal1440.jpg,160,120,tidur,49,47,122,80
9TdrMixThermal1446.jpg,160,120,tidur,21,47,104,80
9TdrMixThermal1452.jpg,160,120,tidur,22,36,100,77
9TdrMixThermal1458.jpg,160,120,tidur,46,37,116,79
9TdrMixThermal1464.jpg,160,120,tidur,55,43,118,80
9TdrMixThermal1470.jpg,160,120,tidur,49,47,131,80
9TdrMixThermal1476.jpg,160,120,tidur,63,35,149,81
9TdrMixThermal1482.jpg,160,120,tidur,83,30,160,81
9TdrMixThermal1488.jpg,160,120,tidur,82,37,160,82
9TdrMixThermal1494.jpg,160,120,tidur,80,37,160,84
9TdrMixThermal150.jpg,160,120,tidur,58,42,151,83
9TdrMixThermal1500.jpg,160,120,tidur,81,39,136,81
9TdrMixThermal1506.jpg,160,120,tidur,58,41,148,80
9TdrMixThermal1512.jpg,160,120,tidur,26,43,160,87
9TdrMixThermal1518.jpg,160,120,tidur,10,29,160,86
9TdrMixThermal1524.jpg,160,120,tidur,10,29,158,83
9TdrMixThermal1530.jpg,160,120,tidur,38,21,142,82
9TdrMixThermal1536.jpg,160,120,tidur,50,31,135,84
9TdrMixThermal1542.jpg,160,120,tidur,83,31,160,94
9TdrMixThermal1548.jpg,160,120,tidur,82,36,160,98
9TdrMixThermal1554.jpg,160,120,tidur,75,9,160,98
9TdrMixThermal156.jpg,160,120,tidur,68,23,160,84
9TdrMixThermal1560.jpg,160,120,tidur,79,21,160,99
9TdrMixThermal1590.jpg,160,120,tidur,1,10,145,88
9TdrMixThermal1596.jpg,160,120,tidur,1,22,154,89
9TdrMixThermal1602.jpg,160,120,tidur,1,16,160,104
9TdrMixThermal1608.jpg,160,120,tidur,1,15,160,104
9TdrMixThermal1614.jpg,160,120,tidur,1,16,160,104
9TdrMixThermal162.jpg,160,120,tidur,70,27,160,83
9TdrMixThermal168.jpg,160,120,tidur,95,36,160,86
9TdrMixThermal174.jpg,160,120,tidur,82,46,160,85
9TdrMixThermal180.jpg,160,120,tidur,39,26,160,87
9TdrMixThermal186.jpg,160,120,tidur,48,44,160,85
9TdrMixThermal192.jpg,160,120,tidur,1,33,160,85
9TdrMixThermal222.jpg,160,120,tidur,1,42,117,81
9TdrMixThermal228.jpg,160,120,tidur,1,10,124,80
9TdrMixThermal234.jpg,160,120,tidur,31,5,131,80
9TdrMixThermal240.jpg,160,120,tidur,1,8,138,81
9TdrMixThermal246.jpg,160,120,tidur,1,48,142,80
9TdrMixThermal252.jpg,160,120,tidur,1,36,155,83
9TdrMixThermal258.jpg,160,120,tidur,1,1,128,81
9TdrMixThermal264.jpg,160,120,tidur,4,40,140,97
9TdrMixThermal270.jpg,160,120,tidur,1,21,149,83
9TdrMixThermal276.jpg,160,120,tidur,1,26,154,83
9TdrMixThermal282.jpg,160,120,tidur,8,41,158,82
9TdrMixThermal288.jpg,160,120,tidur,2,28,160,81
9TdrMixThermal294.jpg,160,120,tidur,17,25,160,98
9TdrMixThermal300.jpg,160,120,tidur,33,31,160,86
9TdrMixThermal306.jpg,160,120,tidur,43,36,160,88
9TdrMixThermal312.jpg,160,120,tidur,31,29,160,87
9TdrMixThermal318.jpg,160,120,tidur,4,39,160,87
9TdrMixThermal324.jpg,160,120,tidur,4,34,160,85
9TdrMixThermal330.jpg,160,120,tidur,1,25,160,87
9TdrMixThermal336.jpg,160,120,tidur,3,38,160,89
9TdrMixThermal342.jpg,160,120,tidur,37,24,160,89
9TdrMixThermal348.jpg,160,120,tidur,38,33,160,83
9TdrMixThermal354.jpg,160,120,tidur,55,32,160,82
9TdrMixThermal360.jpg,160,120,tidur,76,41,160,82
9TdrMixThermal366.jpg,160,120,tidur,47,34,160,86
9TdrMixThermal372.jpg,160,120,tidur,69,32,160,89
9TdrMixThermal378.jpg,160,120,tidur,83,48,160,90
9TdrMixThermal384.jpg,160,120,tidur,69,38,156,91
9TdrMixThermal390.jpg,160,120,tidur,56,30,160,94
9TdrMixThermal396.jpg,160,120,tidur,34,28,117,85
9TdrMixThermal402.jpg,160,120,tidur,30,29,150,87
9TdrMixThermal408.jpg,160,120,tidur,24,29,160,82
9TdrMixThermal414.jpg,160,120,tidur,25,26,160,83
9TdrMixThermal42.jpg,160,120,tidur,20,26,160,86
9TdrMixThermal420.jpg,160,120,tidur,28,15,160,88
9TdrMixThermal426.jpg,160,120,tidur,34,4,160,89
9TdrMixThermal432.jpg,160,120,tidur,21,25,160,84
9TdrMixThermal438.jpg,160,120,tidur,18,33,160,83
9TdrMixThermal444.jpg,160,120,tidur,20,38,155,83
9TdrMixThermal450.jpg,160,120,tidur,19,38,157,82
9TdrMixThermal456.jpg,160,120,tidur,19,44,150,79
9TdrMixThermal462.jpg,160,120,tidur,26,41,130,79
9TdrMixThermal468.jpg,160,120,tidur,28,43,129,79
9TdrMixThermal474.jpg,160,120,tidur,26,44,131,78
9TdrMixThermal48.jpg,160,120,tidur,37,37,160,84
9TdrMixThermal480.jpg,160,120,tidur,25,44,153,81
9TdrMixThermal486.jpg,160,120,tidur,21,35,160,80
9TdrMixThermal492.jpg,160,120,tidur,19,38,157,80
9TdrMixThermal498.jpg,160,120,tidur,17,38,160,83
9TdrMixThermal504.jpg,160,120,tidur,37,20,160,87
9TdrMixThermal510.jpg,160,120,tidur,50,35,160,85
9TdrMixThermal516.jpg,160,120,tidur,46,46,160,82
9TdrMixThermal522.jpg,160,120,tidur,46,46,160,83
9TdrMixThermal528.jpg,160,120,tidur,38,51,160,82
9TdrMixThermal534.jpg,160,120,tidur,38,48,160,82
9TdrMixThermal54.jpg,160,120,tidur,49,38,160,81
9TdrMixThermal540.jpg,160,120,tidur,36,45,160,85
9TdrMixThermal546.jpg,160,120,tidur,26,36,160,85
9TdrMixThermal552.jpg,160,120,tidur,24,38,160,86
9TdrMixThermal558.jpg,160,120,tidur,23,37,147,84
9TdrMixThermal564.jpg,160,120,tidur,23,51,140,81
9TdrMixThermal570.jpg,160,120,tidur,23,41,146,82
9TdrMixThermal576.jpg,160,120,tidur,25,28,160,81
9TdrMixThermal582.jpg,160,120,tidur,12,42,160,83
9TdrMixThermal588.jpg,160,120,tidur,9,37,160,87
9TdrMixThermal594.jpg,160,120,tidur,8,32,160,84
9TdrMixThermal60.jpg,160,120,tidur,48,44,160,78
9TdrMixThermal600.jpg,160,120,tidur,11,24,160,83
9TdrMixThermal606.jpg,160,120,tidur,1,31,160,84
9TdrMixThermal612.jpg,160,120,tidur,1,42,149,83
9TdrMixThermal618.jpg,160,120,tidur,1,44,152,82
9TdrMixThermal624.jpg,160,120,tidur,23,26,153,82
9TdrMixThermal630.jpg,160,120,tidur,28,45,149,84
9TdrMixThermal636.jpg,160,120,tidur,26,45,128,80
9TdrMixThermal642.jpg,160,120,tidur,28,31,106,78
9TdrMixThermal648.jpg,160,120,tidur,33,24,104,79
9TdrMixThermal654.jpg,160,120,tidur,35,39,118,81
9TdrMixThermal66.jpg,160,120,tidur,44,43,160,80
9TdrMixThermal660.jpg,160,120,tidur,15,35,109,80
9TdrMixThermal666.jpg,160,120,tidur,15,25,90,79
9TdrMixThermal672.jpg,160,120,tidur,5,25,85,80
9TdrMixThermal678.jpg,160,120,tidur,27,23,102,81
9TdrMixThermal684.jpg,160,120,tidur,43,36,105,86
9TdrMixThermal690.jpg,160,120,tidur,52,22,118,89
9TdrMixThermal696.jpg,160,120,tidur,71,37,149,87
9TdrMixThermal702.jpg,160,120,tidur,57,42,160,87
9TdrMixThermal708.jpg,160,120,tidur,89,25,160,83
9TdrMixThermal714.jpg,160,120,tidur,73,39,160,81
9TdrMixThermal72.jpg,160,120,tidur,44,52,160,81
9TdrMixThermal720.jpg,160,120,tidur,67,41,160,80
9TdrMixThermal726.jpg,160,120,tidur,46,40,151,79
9TdrMixThermal732.jpg,160,120,tidur,34,44,130,79
9TdrMixThermal738.jpg,160,120,tidur,24,42,115,78
9TdrMixThermal744.jpg,160,120,tidur,19,42,109,79
9TdrMixThermal750.jpg,160,120,tidur,15,38,125,78
9TdrMixThermal756.jpg,160,120,tidur,16,42,145,80
9TdrMixThermal762.jpg,160,120,tidur,12,44,157,79
9TdrMixThermal768.jpg,160,120,tidur,12,38,160,80
9TdrMixThermal774.jpg,160,120,tidur,3,44,160,83
9TdrMixThermal78.jpg,160,120,tidur,42,38,160,81
9TdrMixThermal780.jpg,160,120,tidur,1,36,160,81
9TdrMixThermal786.jpg,160,120,tidur,1,19,160,82
9TdrMixThermal792.jpg,160,120,tidur,1,9,160,85
9TdrMixThermal798.jpg,160,120,tidur,1,26,147,87
9TdrMixThermal804.jpg,160,120,tidur,1,22,160,98
9TdrMixThermal810.jpg,160,120,tidur,1,33,160,83
9TdrMixThermal816.jpg,160,120,tidur,2,27,160,85
9TdrMixThermal822.jpg,160,120,tidur,23,33,160,84
9TdrMixThermal828.jpg,160,120,tidur,34,42,160,82
9TdrMixThermal834.jpg,160,120,tidur,49,42,160,83
9TdrMixThermal84.jpg,160,120,tidur,1,40,160,84
9TdrMixThermal840.jpg,160,120,tidur,47,48,160,88
9TdrMixThermal846.jpg,160,120,tidur,46,30,160,89
9TdrMixThermal852.jpg,160,120,tidur,77,27,160,81
9TdrMixThermal858.jpg,160,120,tidur,66,43,160,87
9TdrMixThermal864.jpg,160,120,tidur,61,28,160,88
9TdrMixThermal870.jpg,160,120,tidur,32,34,123,86
9TdrMixThermal876.jpg,160,120,tidur,7,10,110,86
9TdrMixThermal882.jpg,160,120,tidur,3,17,78,81
9TdrMixThermal888.jpg,160,120,tidur,7,42,111,84
9TdrMixThermal894.jpg,160,120,tidur,1,1,116,83
9TdrMixThermal90.jpg,160,120,tidur,1,40,160,84
9TdrMixThermal900.jpg,160,120,tidur,82,41,160,89
9TdrMixThermal906.jpg,160,120,tidur,103,27,160,84
9TdrMixThermal912.jpg,160,120,tidur,115,48,160,86
9TdrMixThermal918.jpg,160,120,tidur,115,49,160,84
9TdrMixThermal924.jpg,160,120,tidur,110,48,160,82
9TdrMixThermal930.jpg,160,120,tidur,80,38,160,87
9TdrMixThermal936.jpg,160,120,tidur,79,15,160,87
9TdrMixThermal942.jpg,160,120,tidur,11,36,112,84
9TdrMixThermal948.jpg,160,120,tidur,1,33,114,84
9TdrMixThermal954.jpg,160,120,tidur,1,18,105,83
9TdrMixThermal96.jpg,160,120,tidur,1,39,160,85
9TdrMixThermal960.jpg,160,120,tidur,1,27,124,81
9TdrMixThermal966.jpg,160,120,tidur,1,9,135,84
9TdrMixThermal972.jpg,160,120,tidur,63,13,160,89
9TdrMixThermal978.jpg,160,120,tidur,81,3,160,90
9TdrMixThermal996.jpg,160,120,tidur,44,22,160,85
M2Thermal40.jpg,160,120,tidur,33,54,129,79
M2Thermal44.jpg,160,120,tidur,33,55,127,80
M2Thermal48.jpg,160,120,tidur,32,54,123,79
M2Thermal52.jpg,160,120,tidur,31,52,124,79
M2Thermal56.jpg,160,120,tidur,31,51,127,80
M2Thermal60.jpg,160,120,tidur,30,51,128,78
M2Thermal64.jpg,160,120,tidur,30,51,130,79
M2Thermal68.jpg,160,120,tidur,31,52,129,78
M2Thermal100.jpg,160,120,tidur,30,46,133,78
M2Thermal104.jpg,160,120,tidur,30,47,134,78
M2Thermal108.jpg,160,120,tidur,31,47,134,79
M2Thermal112.jpg,160,120,tidur,31,50,134,78
M2Thermal116.jpg,160,120,tidur,32,51,132,78
M2Thermal120.jpg,160,120,tidur,33,52,132,77
M2Thermal124.jpg,160,120,tidur,32,52,127,77
M2Thermal128.jpg,160,120,tidur,33,52,128,78
M2Thermal132.jpg,160,120,tidur,32,52,125,77
M2Thermal136.jpg,160,120,tidur,32,53,127,77
M2Thermal140.jpg,160,120,tidur,29,50,129,79
M2Thermal144.jpg,160,120,tidur,32,46,130,78
M2Thermal148.jpg,160,120,tidur,31,46,131,78
M2Thermal152.jpg,160,120,tidur,29,52,131,79
M2Thermal156.jpg,160,120,tidur,28,51,133,78
M2Thermal160.jpg,160,120,tidur,28,52,135,79
M2Thermal164.jpg,160,120,tidur,25,51,136,79
M2Thermal168.jpg,160,120,tidur,24,51,136,80
M2Thermal172.jpg,160,120,tidur,23,52,138,78
M2Thermal176.jpg,160,120,tidur,23,53,137,78
M2Thermal180.jpg,160,120,tidur,26,52,136,78
M2Thermal184.jpg,160,120,tidur,27,51,133,79
M2Thermal188.jpg,160,120,tidur,26,53,132,77
M2Thermal192.jpg,160,120,tidur,29,50,132,77
M2Thermal196.jpg,160,120,tidur,31,54,132,78
M2Thermal200.jpg,160,120,tidur,31,52,124,78
M2Thermal204.jpg,160,120,tidur,31,51,125,79
M2Thermal208.jpg,160,120,tidur,27,52,127,77
M2Thermal212.jpg,160,120,tidur,27,52,134,78
M2Thermal216.jpg,160,120,tidur,27,51,134,79
M2Thermal220.jpg,160,120,tidur,27,51,136,80
M2Thermal224.jpg,160,120,tidur,27,51,136,79
M2Thermal228.jpg,160,120,tidur,27,51,135,79
M2Thermal232.jpg,160,120,tidur,31,51,127,79
M2Thermal236.jpg,160,120,tidur,30,51,125,79
M2Thermal240.jpg,160,120,tidur,25,51,125,78
M2Thermal244.jpg,160,120,tidur,25,52,133,79
M2Thermal248.jpg,160,120,tidur,24,52,139,80
M2Thermal252.jpg,160,120,tidur,25,55,143,80
M2Thermal256.jpg,160,120,tidur,25,55,144,80
M2Thermal260.jpg,160,120,tidur,23,57,144,79
M2Thermal264.jpg,160,120,tidur,24,56,144,80
M2Thermal268.jpg,160,120,tidur,25,50,137,78
M2Thermal272.jpg,160,120,tidur,25,45,137,79
M2Thermal276.jpg,160,120,tidur,25,47,135,79
M2Thermal280.jpg,160,120,tidur,19,51,129,78
M2Thermal284.jpg,160,120,tidur,16,49,126,78
M2Thermal288.jpg,160,120,tidur,18,49,125,78
M2Thermal292.jpg,160,120,tidur,17,51,124,78
M2Thermal296.jpg,160,120,tidur,15,51,125,79
M2Thermal300.jpg,160,120,tidur,16,52,123,78
M2Thermal304.jpg,160,120,tidur,19,52,116,77
M2Thermal308.jpg,160,120,tidur,19,52,116,76
M2Thermal312.jpg,160,120,tidur,17,52,117,77
M2Thermal316.jpg,160,120,tidur,14,49,118,78
M2Thermal320.jpg,160,120,tidur,11,48,120,78
M2Thermal324.jpg,160,120,tidur,10,48,121,78
M2Thermal328.jpg,160,120,tidur,11,49,123,78
M2Thermal332.jpg,160,120,tidur,17,50,123,76
M2Thermal336.jpg,160,120,tidur,19,45,135,77
M2Thermal340.jpg,160,120,tidur,31,47,134,80
M2Thermal344.jpg,160,120,tidur,35,50,134,80
M2Thermal348.jpg,160,120,tidur,38,51,135,80
M2Thermal352.jpg,160,120,tidur,39,51,136,77
M2Thermal356.jpg,160,120,tidur,38,51,146,79
M2Thermal360.jpg,160,120,tidur,32,49,145,80
M2Thermal364.jpg,160,120,tidur,32,48,144,79
M2Thermal368.jpg,160,120,tidur,29,51,143,77
M2Thermal372.jpg,160,120,tidur,32,51,143,77
M2Thermal376.jpg,160,120,tidur,36,51,142,78
M2Thermal380.jpg,160,120,tidur,36,49,141,80
M2Thermal384.jpg,160,120,tidur,33,47,141,76
M2Thermal388.jpg,160,120,tidur,27,46,139,79
M2Thermal392.jpg,160,120,tidur,26,48,136,79
M2Thermal396.jpg,160,120,tidur,26,50,136,78
M2Thermal400.jpg,160,120,tidur,28,53,135,77
M2Thermal404.jpg,160,120,tidur,30,45,130,76
M2Thermal408.jpg,160,120,tidur,30,48,124,77
M2Thermal412.jpg,160,120,tidur,29,49,127,77
M2Thermal416.jpg,160,120,tidur,28,47,133,77
M2Thermal420.jpg,160,120,tidur,25,47,136,77
M2Thermal424.jpg,160,120,tidur,22,47,135,77
M2Thermal428.jpg,160,120,tidur,25,48,132,79
M2Thermal432.jpg,160,120,tidur,29,46,132,79
M2Thermal464.jpg,160,120,tidur,35,51,129,79
M2Thermal468.jpg,160,120,tidur,36,51,133,79
M2Thermal472.jpg,160,120,tidur,33,52,133,79
M2Thermal476.jpg,160,120,tidur,34,52,134,80
M2Thermal480.jpg,160,120,tidur,34,52,136,80
M2Thermal484.jpg,160,120,tidur,35,54,135,79
M2Thermal488.jpg,160,120,tidur,39,53,135,79
M2Thermal492.jpg,160,120,tidur,35,53,135,78
M2Thermal496.jpg,160,120,tidur,37,54,135,78
M2Thermal500.jpg,160,120,tidur,41,52,135,78
M2Thermal504.jpg,160,120,tidur,33,54,134,78
M2Thermal508.jpg,160,120,tidur,32,54,135,78
M2Thermal512.jpg,160,120,tidur,31,53,133,76
M2Thermal516.jpg,160,120,tidur,29,51,133,78
M2Thermal520.jpg,160,120,tidur,32,50,136,79
M2Thermal524.jpg,160,120,tidur,33,50,136,78
M2Thermal528.jpg,160,120,tidur,32,52,138,79
M2Thermal532.jpg,160,120,tidur,32,51,138,79
M2Thermal536.jpg,160,120,tidur,31,50,136,77
M2Thermal540.jpg,160,120,tidur,30,54,135,78
M2Thermal544.jpg,160,120,tidur,38,53,135,78
M2Thermal548.jpg,160,120,tidur,33,51,135,78
M2Thermal552.jpg,160,120,tidur,34,55,136,79
M2Thermal556.jpg,160,120,tidur,32,54,139,78
M2Thermal560.jpg,160,120,tidur,32,55,138,78
M2Thermal564.jpg,160,120,tidur,34,55,136,79
M2Thermal568.jpg,160,120,tidur,35,52,136,79
M2Thermal572.jpg,160,120,tidur,35,43,133,76
M2Thermal576.jpg,160,120,tidur,37,53,133,78
M2Thermal580.jpg,160,120,tidur,38,53,134,78
M2Thermal584.jpg,160,120,tidur,37,52,133,76
M2Thermal588.jpg,160,120,tidur,37,53,135,77
M2Thermal592.jpg,160,120,tidur,36,52,136,78
M2Thermal596.jpg,160,120,tidur,34,55,133,76
M2Thermal600.jpg,160,120,tidur,37,54,131,77
M2Thermal604.jpg,160,120,tidur,39,53,130,76
M2Thermal608.jpg,160,120,tidur,37,50,131,78
M2Thermal612.jpg,160,120,tidur,36,49,134,78
M2Thermal616.jpg,160,120,tidur,31,51,137,78
M2Thermal620.jpg,160,120,tidur,30,52,136,79
M2Thermal624.jpg,160,120,tidur,30,52,136,79
M2Thermal628.jpg,160,120,tidur,32,49,134,78
M2Thermal632.jpg,160,120,tidur,31,48,134,78
M2Thermal636.jpg,160,120,tidur,30,55,140,82
M2Thermal640.jpg,160,120,tidur,31,49,134,77
M2Thermal644.jpg,160,120,tidur,48,46,132,76
M2Thermal648.jpg,160,120,tidur,51,41,132,77
M2Thermal652.jpg,160,120,tidur,48,44,132,77
M2Thermal656.jpg,160,120,tidur,37,54,133,77
M2Thermal660.jpg,160,120,tidur,26,50,136,77
M2Thermal664.jpg,160,120,tidur,24,49,139,78
M2Thermal668.jpg,160,120,tidur,25,49,139,78
M2Thermal672.jpg,160,120,tidur,29,49,138,77
M2Thermal676.jpg,160,120,tidur,38,51,134,75
M2Thermal680.jpg,160,120,tidur,36,51,131,76
M2Thermal684.jpg,160,120,tidur,36,50,132,77
M2Thermal688.jpg,160,120,tidur,31,49,132,76
M2Thermal692.jpg,160,120,tidur,33,51,132,77
M2Thermal696.jpg,160,120,tidur,32,54,135,77
M2Thermal700.jpg,160,120,tidur,29,55,135,77
M2Thermal704.jpg,160,120,tidur,27,50,136,79
M2Thermal708.jpg,160,120,tidur,26,51,140,81
M2Thermal712.jpg,160,120,tidur,25,52,140,79
M2Thermal716.jpg,160,120,tidur,27,53,146,81
M2Thermal72.jpg,160,120,tidur,31,52,130,77
M2Thermal720.jpg,160,120,tidur,26,53,149,79
M2Thermal724.jpg,160,120,tidur,26,49,142,77
M2Thermal728.jpg,160,120,tidur,28,53,135,76
M2Thermal732.jpg,160,120,tidur,31,52,134,76
M2Thermal736.jpg,160,120,tidur,26,51,135,78
M2Thermal740.jpg,160,120,tidur,26,51,134,78
M2Thermal744.jpg,160,120,tidur,25,50,134,78
M2Thermal748.jpg,160,120,tidur,24,48,136,78
M2Thermal752.jpg,160,120,tidur,24,48,134,78
M2Thermal756.jpg,160,120,tidur,23,38,126,77
M2Thermal76.jpg,160,120,tidur,31,50,130,79
M2Thermal760.jpg,160,120,tidur,25,48,140,78
M2Thermal764.jpg,160,120,tidur,19,47,142,78
M2Thermal768.jpg,160,120,tidur,19,45,144,78
M2Thermal772.jpg,160,120,tidur,19,45,145,80
M2Thermal776.jpg,160,120,tidur,18,46,146,80
M2Thermal780.jpg,160,120,tidur,18,47,145,79
M2Thermal784.jpg,160,120,tidur,25,51,143,78
M2Thermal788.jpg,160,120,tidur,28,51,143,76
M2Thermal792.jpg,160,120,tidur,28,51,144,77
M2Thermal796.jpg,160,120,tidur,27,50,143,77
M2Thermal80.jpg,160,120,tidur,31,50,130,78
M2Thermal800.jpg,160,120,tidur,22,53,143,77
M2Thermal804.jpg,160,120,tidur,28,52,143,77
M2Thermal808.jpg,160,120,tidur,28,44,137,77
M2Thermal812.jpg,160,120,tidur,24,35,126,77
M2Thermal816.jpg,160,120,tidur,40,29,125,79
M2Thermal820.jpg,160,120,tidur,65,30,114,75
M2Thermal824.jpg,160,120,tidur,51,36,140,76
M2Thermal828.jpg,160,120,tidur,32,47,136,76
M2Thermal832.jpg,160,120,tidur,32,48,137,77
M2Thermal836.jpg,160,120,tidur,31,49,137,76
M2Thermal84.jpg,160,120,tidur,30,51,130,79
M2Thermal840.jpg,160,120,tidur,28,52,143,78
M2Thermal844.jpg,160,120,tidur,28,52,140,78
M2Thermal848.jpg,160,120,tidur,30,53,138,79
M2Thermal852.jpg,160,120,tidur,34,45,134,78
M2Thermal856.jpg,160,120,tidur,33,49,132,77
M2Thermal860.jpg,160,120,tidur,31,47,140,77
M2Thermal864.jpg,160,120,tidur,29,44,141,78
M2Thermal868.jpg,160,120,tidur,25,46,141,79
M2Thermal872.jpg,160,120,tidur,23,47,138,79
M2Thermal876.jpg,160,120,tidur,23,47,139,78
M2Thermal88.jpg,160,120,tidur,30,50,130,78
M2Thermal880.jpg,160,120,tidur,26,50,133,77
M2Thermal884.jpg,160,120,tidur,21,56,128,78
M2Thermal888.jpg,160,120,tidur,20,59,129,77
M2Thermal892.jpg,160,120,tidur,22,49,131,78
M2Thermal896.jpg,160,120,tidur,26,48,134,78
M2Thermal92.jpg,160,120,tidur,29,46,132,77
M2Thermal96.jpg,160,120,tidur,29,44,131,77
M1Thermal100.jpg,160,120,tidur,39,40,157,77
M1Thermal104.jpg,160,120,tidur,33,49,155,77
M1Thermal109.jpg,160,120,tidur,33,51,154,78
M1Thermal110.jpg,160,120,tidur,34,50,152,78
M1Thermal113.jpg,160,120,tidur,34,50,148,79
M1Thermal116.jpg,160,120,tidur,33,50,149,79
M1Thermal117.jpg,160,120,tidur,34,51,149,78
M1Thermal119.jpg,160,120,tidur,34,48,148,79
M1Thermal125.jpg,160,120,tidur,33,43,148,77
M1Thermal128.jpg,160,120,tidur,33,48,155,79
M1Thermal130.jpg,160,120,tidur,32,47,159,79
M1Thermal131.jpg,160,120,tidur,31,48,159,79
M1Thermal132.jpg,160,120,tidur,31,49,160,79
M1Thermal133.jpg,160,120,tidur,31,49,160,79
M1Thermal137.jpg,160,120,tidur,31,49,160,78
M1Thermal138.jpg,160,120,tidur,32,49,160,79
M1Thermal139.jpg,160,120,tidur,32,48,160,78
M1Thermal140.jpg,160,120,tidur,33,48,160,78
M1Thermal143.jpg,160,120,tidur,33,48,160,79
M1Thermal144.jpg,160,120,tidur,33,49,158,78
M1Thermal145.jpg,160,120,tidur,34,50,155,77
M1Thermal147.jpg,160,120,tidur,34,52,152,79
M1Thermal149.jpg,160,120,tidur,33,47,149,78
M1Thermal152.jpg,160,120,tidur,33,42,150,78
M1Thermal153.jpg,160,120,tidur,33,47,151,79
M1Thermal154.jpg,160,120,tidur,34,48,151,79
M1Thermal155.jpg,160,120,tidur,34,52,150,78
M1Thermal156.jpg,160,120,tidur,34,51,150,79
M1Thermal157.jpg,160,120,tidur,34,52,151,79
M1Thermal167.jpg,160,120,tidur,28,49,153,79
M1Thermal168.jpg,160,120,tidur,28,49,153,78
M1Thermal170.jpg,160,120,tidur,29,49,151,78
M1Thermal171.jpg,160,120,tidur,29,49,152,78
M1Thermal172.jpg,160,120,tidur,29,49,152,79
M1Thermal173.jpg,160,120,tidur,29,50,152,78
M1Thermal175.jpg,160,120,tidur,28,49,152,79
M1Thermal176.jpg,160,120,tidur,28,50,152,82
M1Thermal179.jpg,160,120,tidur,29,50,151,81
M1Thermal183.jpg,160,120,tidur,31,50,129,79
M1Thermal185.jpg,160,120,tidur,33,49,127,79
M1Thermal187.jpg,160,120,tidur,34,49,127,79
M1Thermal188.jpg,160,120,tidur,31,49,127,79
M1Thermal190.jpg,160,120,tidur,31,48,126,78
M1Thermal195.jpg,160,120,tidur,33,48,139,80
M1Thermal197.jpg,160,120,tidur,33,48,152,79
M1Thermal201.jpg,160,120,tidur,24,47,153,79
M1Thermal203.jpg,160,120,tidur,27,47,150,79
M1Thermal204.jpg,160,120,tidur,28,45,149,80
M1Thermal206.jpg,160,120,tidur,28,49,150,81
M1Thermal209.jpg,160,120,tidur,24,49,156,79
M1Thermal211.jpg,160,120,tidur,25,42,157,82
M1Thermal212.jpg,160,120,tidur,27,45,159,80
M1Thermal216.jpg,160,120,tidur,34,48,160,84
M1Thermal217.jpg,160,120,tidur,33,54,159,83
M1Thermal218.jpg,160,120,tidur,33,58,160,83
M1Thermal220.jpg,160,120,tidur,32,58,160,84
M1Thermal223.jpg,160,120,tidur,32,59,160,83
M1Thermal224.jpg,160,120,tidur,32,59,160,84
M1Thermal225.jpg,160,120,tidur,33,59,160,84
M1Thermal226.jpg,160,120,tidur,33,58,160,84
M1Thermal227.jpg,160,120,tidur,34,54,160,83
M1Thermal231.jpg,160,120,tidur,36,51,158,83
M1Thermal232.jpg,160,120,tidur,36,51,159,83
M1Thermal237.jpg,160,120,tidur,35,48,159,83
M1Thermal238.jpg,160,120,tidur,35,44,158,83
M1Thermal239.jpg,160,120,tidur,34,47,158,83
M1Thermal241.jpg,160,120,tidur,33,52,156,79
M1Thermal242.jpg,160,120,tidur,34,52,154,78
M1Thermal246.jpg,160,120,tidur,42,42,152,79
M1Thermal247.jpg,160,120,tidur,48,38,150,79
M1Thermal253.jpg,160,120,tidur,38,45,143,79
M1Thermal254.jpg,160,120,tidur,37,47,143,79
M1Thermal255.jpg,160,120,tidur,36,46,145,79
M1Thermal260.jpg,160,120,tidur,32,46,143,79
M1Thermal261.jpg,160,120,tidur,32,46,143,79
M1Thermal262.jpg,160,120,tidur,31,45,143,79
M1Thermal263.jpg,160,120,tidur,31,46,143,79
M1Thermal267.jpg,160,120,tidur,32,47,145,81
M1Thermal269.jpg,160,120,tidur,31,46,143,81
M1Thermal271.jpg,160,120,tidur,32,43,139,79
M1Thermal272.jpg,160,120,tidur,32,44,144,80
M1Thermal274.jpg,160,120,tidur,32,43,148,80
M1Thermal275.jpg,160,120,tidur,32,44,147,80
M1Thermal276.jpg,160,120,tidur,33,49,147,81
M1Thermal277.jpg,160,120,tidur,33,51,147,79
M1Thermal282.jpg,160,120,tidur,35,46,159,78
M1Thermal283.jpg,160,120,tidur,35,46,159,79
M1Thermal288.jpg,160,120,tidur,36,48,154,78
M1Thermal292.jpg,160,120,tidur,33,49,151,79
M1Thermal293.jpg,160,120,tidur,34,48,152,78
M1Thermal294.jpg,160,120,tidur,34,46,148,78
M1Thermal295.jpg,160,120,tidur,34,44,146,77
M1Thermal296.jpg,160,120,tidur,34,43,142,77
M1Thermal297.jpg,160,120,tidur,34,43,137,78
M1Thermal299.jpg,160,120,tidur,35,46,135,77
M1Thermal300.jpg,160,120,tidur,35,46,133,79
M1Thermal301.jpg,160,120,tidur,36,47,133,79
M1Thermal302.jpg,160,120,tidur,35,49,134,78
M1Thermal304.jpg,160,120,tidur,36,49,140,79
M1Thermal308.jpg,160,120,tidur,35,49,153,78
M1Thermal309.jpg,160,120,tidur,36,48,154,77
M1Thermal311.jpg,160,120,tidur,26,47,152,77
M1Thermal312.jpg,160,120,tidur,24,47,152,77
M1Thermal314.jpg,160,120,tidur,22,47,151,78
M1Thermal315.jpg,160,120,tidur,25,46,152,78
M1Thermal316.jpg,160,120,tidur,25,46,152,77
M1Thermal318.jpg,160,120,tidur,24,47,155,77
M1Thermal322.jpg,160,120,tidur,38,46,146,78
M1Thermal325.jpg,160,120,tidur,37,46,146,79
M1Thermal326.jpg,160,120,tidur,37,46,147,79
M1Thermal327.jpg,160,120,tidur,37,46,149,79
M1Thermal333.jpg,160,120,tidur,34,46,154,78
M1Thermal334.jpg,160,120,tidur,33,44,152,78
M1Thermal335.jpg,160,120,tidur,34,46,152,78
M1Thermal336.jpg,160,120,tidur,34,46,151,79
M1Thermal338.jpg,160,120,tidur,35,45,145,78
M1Thermal339.jpg,160,120,tidur,34,43,144,78
M1Thermal342.jpg,160,120,tidur,33,47,143,78
M1Thermal343.jpg,160,120,tidur,33,47,145,78
M1Thermal344.jpg,160,120,tidur,32,47,148,79
M1Thermal346.jpg,160,120,tidur,24,46,153,77
M1Thermal349.jpg,160,120,tidur,23,47,153,78
M1Thermal355.jpg,160,120,tidur,24,48,155,78
M1Thermal356.jpg,160,120,tidur,24,48,154,78
M1Thermal357.jpg,160,120,tidur,25,48,153,77
M1Thermal360.jpg,160,120,tidur,36,41,150,77
M1Thermal361.jpg,160,120,tidur,38,41,147,77
M1Thermal362.jpg,160,120,tidur,38,42,150,78
M1Thermal366.jpg,160,120,tidur,36,44,153,77
M1Thermal368.jpg,160,120,tidur,38,41,153,78
M1Thermal374.jpg,160,120,tidur,38,49,143,79
M1Thermal375.jpg,160,120,tidur,37,49,143,77
M1Thermal376.jpg,160,120,tidur,37,49,145,78
M1Thermal378.jpg,160,120,tidur,37,47,149,79
M1Thermal380.jpg,160,120,tidur,37,45,151,79
M1Thermal381.jpg,160,120,tidur,37,46,154,78
M1Thermal382.jpg,160,120,tidur,37,46,154,78
M1Thermal385.jpg,160,120,tidur,37,48,156,79
M1Thermal386.jpg,160,120,tidur,38,49,156,78
M1Thermal387.jpg,160,120,tidur,38,49,157,78
M1Thermal390.jpg,160,120,tidur,37,48,156,79
M1Thermal391.jpg,160,120,tidur,37,48,155,78
M1Thermal392.jpg,160,120,tidur,37,48,152,78
M1Thermal393.jpg,160,120,tidur,38,49,151,78
M1Thermal395.jpg,160,120,tidur,38,49,143,78
M1Thermal398.jpg,160,120,tidur,30,49,149,78
M1Thermal399.jpg,160,120,tidur,33,49,151,78
M1Thermal400.jpg,160,120,tidur,36,50,152,77
M1Thermal401.jpg,160,120,tidur,34,50,152,78
M1Thermal402.jpg,160,120,tidur,34,49,153,78
M1Thermal405.jpg,160,120,tidur,40,48,136,79
M1Thermal407.jpg,160,120,tidur,41,48,129,78
M1Thermal410.jpg,160,120,tidur,41,49,130,78
M1Thermal412.jpg,160,120,tidur,40,48,132,78
M1Thermal415.jpg,160,120,tidur,37,48,144,79
M1Thermal416.jpg,160,120,tidur,37,48,149,78
M1Thermal419.jpg,160,120,tidur,32,47,154,79
M1Thermal424.jpg,160,120,tidur,36,41,158,79
M1Thermal425.jpg,160,120,tidur,35,45,158,78
M1Thermal427.jpg,160,120,tidur,36,42,151,78
M1Thermal432.jpg,160,120,tidur,37,39,146,79
M1Thermal433.jpg,160,120,tidur,36,39,151,81
M1Thermal434.jpg,160,120,tidur,36,40,152,79
M1Thermal436.jpg,160,120,tidur,36,41,153,79
M1Thermal441.jpg,160,120,tidur,37,45,153,81
M1Thermal442.jpg,160,120,tidur,40,46,159,79
M1Thermal444.jpg,160,120,tidur,53,40,160,80
M1Thermal55.jpg,160,120,tidur,50,50,160,78
M1Thermal56.jpg,160,120,tidur,50,50,160,78
M1Thermal57.jpg,160,120,tidur,50,50,160,78
M1Thermal58.jpg,160,120,tidur,49,49,160,77
M1Thermal61.jpg,160,120,tidur,50,49,160,78
M1Thermal62.jpg,160,120,tidur,50,49,160,77
M1Thermal66.jpg,160,120,tidur,50,49,160,76
M1Thermal69.jpg,160,120,tidur,49,45,160,78
M1Thermal73.jpg,160,120,tidur,39,45,160,76
M1Thermal76.jpg,160,120,tidur,33,48,153,78
M1Thermal79.jpg,160,120,tidur,34,48,155,77
M1Thermal82.jpg,160,120,tidur,37,48,157,77
M1Thermal84.jpg,160,120,tidur,37,48,157,77
M1Thermal91.jpg,160,120,tidur,33,47,157,77
M1Thermal96.jpg,160,120,tidur,39,38,158,78
M1Thermal97.jpg,160,120,tidur,40,39,158,76
M1Thermal99.jpg,160,120,tidur,40,39,157,76
